trip_id,elapsed_seconds,manuever_acceleration,acc_dir_change,peak_db,peak_sustained_sec,audio_score,peak_classification,has_motion,has_audio,anomaly_score,is_anomaly,severity,split
TRIP006,660,,,95.0000,0.0000,0.0000,normal,False,True,0.3084,False,none,test
TRIP006,1073,,,90.0000,158.0000,0.8800,argument,False,True,0.7092,True,medium,test
TRIP006,1251,,,90.0000,0.0000,0.0000,loud,False,True,0.2101,False,none,test
TRIP006,1497,,,79.0000,65.0000,0.3600,argument,False,True,0.3652,False,none,test
TRIP018,323,,,76.0000,121.0000,0.6700,argument,False,True,0.5132,False,low,test
TRIP018,665,,,92.0000,0.0000,0.0000,loud,False,True,0.2354,False,none,test
TRIP018,946,,,93.0000,0.0000,0.0000,conversation,False,True,0.2605,False,none,test
TRIP021,356,,,86.0000,57.0000,0.3200,very_loud,False,True,0.4605,False,low,test
TRIP021,1112,,,83.0000,0.0000,0.0000,loud,False,True,0.0808,False,none,test
TRIP021,1603,,,87.0000,58.0000,0.3200,very_loud,False,True,0.4730,False,low,test
TRIP026,169,,,96.0000,0.0000,0.0000,loud,False,True,0.3390,False,none,test
TRIP026,604,,,86.0000,49.0000,0.2700,argument,False,True,0.4178,False,low,test
TRIP026,970,,,83.0000,0.0000,0.0000,loud,False,True,0.0808,False,none,test
TRIP026,1129,,,58.0000,22.0000,0.1200,very_loud,False,True,0.4576,False,low,test
TRIP026,1419,,,66.0000,123.0000,0.6800,very_loud,False,True,0.5690,False,medium,test
TRIP026,1653,,,93.0000,0.0000,0.0000,loud,False,True,0.2605,False,none,test
TRIP028,322,,,95.0000,179.0000,0.9900,argument,False,True,0.8460,True,high,test
TRIP028,1737,,,97.0000,15.0000,0.0800,argument,False,True,0.5575,False,medium,test
TRIP040,0,0.0000,0.0000,,,,,True,False,0.1712,False,none,test
TRIP040,0,0.0719,3.6271,,,,,True,False,0.7532,True,high,test
TRIP040,60,0.0113,0.3901,,,,,True,False,0.3719,False,none,test
TRIP040,60,0.2287,0.7046,,,,,True,False,0.6735,True,medium,test
TRIP040,60,0.0232,0.2422,,,,,True,False,0.3586,False,none,test
TRIP040,60,0.1750,0.5626,,,,,True,False,0.5930,False,medium,test
TRIP040,60,0.2209,0.2008,,,,,True,False,0.6327,True,medium,test
TRIP040,240,0.0109,0.0121,73.0000,0.0000,0.4500,normal,True,True,0.2065,False,none,test
TRIP040,240,0.0000,0.0000,73.0000,0.0000,0.4500,normal,True,True,0.1288,False,none,test
TRIP040,420,0.0000,0.0000,,,,,True,False,0.1712,False,none,test
TRIP040,480,0.0000,0.0000,,,,,True,False,0.1712,False,none,test
TRIP040,600,0.0000,0.0000,,,,,True,False,0.1712,False,none,test
TRIP040,780,0.0000,0.0000,,,,,True,False,0.1712,False,none,test
TRIP040,1020,0.0000,0.0000,,,,,True,False,0.1712,False,none,test
TRIP040,1080,0.0000,0.0000,57.0000,0.0000,0.1400,normal,True,True,0.3220,False,none,test
TRIP040,1080,0.4195,2.7182,57.0000,0.0000,0.1400,normal,True,True,0.9552,True,high,test
TRIP046,0,0.0000,0.0000,,,,,True,False,0.1712,False,none,test
TRIP046,10,0.0752,0.0864,,,,,True,False,0.3719,False,none,test
TRIP046,20,0.0519,0.6359,,,,,True,False,0.4349,False,low,test
TRIP046,30,0.0196,0.3204,,,,,True,False,0.3660,False,none,test
TRIP046,40,0.0769,0.3772,,,,,True,False,0.4151,False,low,test
TRIP046,50,0.0077,0.0354,,,,,True,False,0.2541,False,none,test
TRIP046,60,0.0447,0.2327,,,,,True,False,0.3788,False,none,test
TRIP046,70,0.0348,0.0443,,,,,True,False,0.3198,False,none,test
TRIP046,80,0.0429,0.1418,,,,,True,False,0.3383,False,none,test
TRIP046,90,0.1580,4.9628,,,,,True,False,0.8694,True,high,test
TRIP046,100,0.0569,4.7692,,,,,True,False,0.7967,True,high,test
TRIP046,111,0.1242,0.1087,,,,,True,False,0.4705,False,low,test
TRIP046,120,0.0342,4.5768,,,,,True,False,0.7965,True,high,test
TRIP046,131,0.1531,5.6669,,,,,True,False,0.9739,True,high,test
TRIP046,140,0.0000,0.0000,,,,,True,False,0.1712,False,none,test
TRIP046,150,0.0000,0.0000,,,,,True,False,0.1712,False,none,test
TRIP046,161,0.0000,0.0000,,,,,True,False,0.1712,False,none,test
TRIP046,170,0.0000,0.0000,,,,,True,False,0.1712,False,none,test
TRIP046,181,0.0000,0.0000,,,,,True,False,0.1712,False,none,test
TRIP046,190,0.0000,0.0000,,,,,True,False,0.1712,False,none,test
TRIP046,200,0.0000,0.0000,,,,,True,False,0.1712,False,none,test
TRIP046,211,0.0000,0.0000,,,,,True,False,0.1712,False,none,test
TRIP046,220,0.0000,0.0000,,,,,True,False,0.1712,False,none,test
TRIP046,230,0.0000,0.0000,,,,,True,False,0.1712,False,none,test
TRIP046,240,0.0000,0.0000,,,,,True,False,0.1712,False,none,test
TRIP046,250,0.0000,0.0000,,,,,True,False,0.1712,False,none,test
TRIP046,260,0.0000,0.0000,,,,,True,False,0.1712,False,none,test
TRIP046,270,0.0000,0.0000,,,,,True,False,0.1712,False,none,test
TRIP046,281,0.0000,0.0000,,,,,True,False,0.1712,False,none,test
TRIP046,290,0.0000,0.0000,,,,,True,False,0.1712,False,none,test
TRIP046,300,0.0000,0.0000,,,,,True,False,0.1712,False,none,test
TRIP046,311,0.0000,0.0000,,,,,True,False,0.1712,False,none,test
TRIP046,320,0.0000,0.0000,,,,,True,False,0.1712,False,none,test
TRIP046,331,0.0000,0.0000,,,,,True,False,0.1712,False,none,test
TRIP046,341,0.0000,0.0000,,,,,True,False,0.1712,False,none,test
TRIP046,350,0.0000,0.0000,,,,,True,False,0.1712,False,none,test
TRIP046,360,0.0000,0.0000,,,,,True,False,0.1712,False,none,test
TRIP046,370,0.0000,0.0000,,,,,True,False,0.1712,False,none,test
TRIP046,381,0.0000,0.0000,,,,,True,False,0.1712,False,none,test
TRIP046,391,0.0000,0.0000,,,,,True,False,0.1712,False,none,test
TRIP046,401,0.0000,0.0000,,,,,True,False,0.1712,False,none,test
TRIP046,411,0.0000,0.0000,,,,,True,False,0.1712,False,none,test
TRIP046,420,0.0000,0.0000,,,,,True,False,0.1712,False,none,test
TRIP046,430,0.0000,0.0000,,,,,True,False,0.1712,False,none,test
TRIP046,440,0.0000,0.0000,,,,,True,False,0.1712,False,none,test
TRIP046,450,0.0000,0.0000,,,,,True,False,0.1712,False,none,test
TRIP046,460,0.0000,0.0000,,,,,True,False,0.1712,False,none,test
TRIP046,470,0.0000,0.0000,,,,,True,False,0.1712,False,none,test
TRIP046,480,0.0000,0.0000,,,,,True,False,0.1712,False,none,test
TRIP046,490,0.0000,0.0000,,,,,True,False,0.1712,False,none,test
TRIP046,500,0.0000,0.0000,55.1000,0.0000,0.1200,normal,True,True,0.3333,False,none,test
TRIP046,510,0.0000,0.0000,55.1000,0.0000,0.1200,normal,True,True,0.3333,False,none,test
TRIP046,521,0.0000,0.0000,55.1000,0.0000,0.1200,normal,True,True,0.3333,False,none,test
TRIP046,530,0.0000,0.0000,55.1000,0.0000,0.1200,normal,True,True,0.3333,False,none,test
TRIP046,540,0.0000,0.0000,55.1000,0.0000,0.1200,normal,True,True,0.3333,False,none,test
TRIP046,550,0.0000,0.0000,55.1000,0.0000,0.1200,normal,True,True,0.3333,False,none,test
TRIP046,560,0.0000,0.0000,,,,,True,False,0.1712,False,none,test
TRIP046,570,0.0000,0.0000,,,,,True,False,0.1712,False,none,test
TRIP046,580,0.0000,0.0000,,,,,True,False,0.1712,False,none,test
TRIP046,590,0.0000,0.0000,,,,,True,False,0.1712,False,none,test
TRIP046,600,0.0000,0.0000,,,,,True,False,0.1712,False,none,test
TRIP046,611,0.0000,0.0000,,,,,True,False,0.1712,False,none,test
TRIP046,620,0.0000,0.0000,,,,,True,False,0.1712,False,none,test
TRIP046,630,0.0000,0.0000,,,,,True,False,0.1712,False,none,test
TRIP046,640,0.0000,0.0000,,,,,True,False,0.1712,False,none,test
TRIP046,650,0.0000,0.0000,,,,,True,False,0.1712,False,none,test
TRIP046,660,0.0000,0.0000,,,,,True,False,0.1712,False,none,test
TRIP046,671,0.0000,0.0000,,,,,True,False,0.1712,False,none,test
TRIP046,680,0.0000,0.0000,,,,,True,False,0.1712,False,none,test
TRIP046,690,0.0000,0.0000,,,,,True,False,0.1712,False,none,test
TRIP046,700,0.0000,0.0000,,,,,True,False,0.1712,False,none,test
TRIP046,710,0.0000,0.0000,,,,,True,False,0.1712,False,none,test
TRIP046,721,0.0000,0.0000,,,,,True,False,0.1712,False,none,test
TRIP046,730,0.0000,0.0000,,,,,True,False,0.1712,False,none,test
TRIP046,740,0.0000,0.0000,,,,,True,False,0.1712,False,none,test
TRIP046,751,0.0000,0.0000,,,,,True,False,0.1712,False,none,test
TRIP046,760,0.0000,0.0000,,,,,True,False,0.1712,False,none,test
TRIP046,770,0.0000,0.0000,,,,,True,False,0.1712,False,none,test
TRIP046,781,0.0000,0.0000,,,,,True,False,0.1712,False,none,test
TRIP046,790,0.0000,0.0000,,,,,True,False,0.1712,False,none,test
TRIP046,800,0.0000,0.0000,,,,,True,False,0.1712,False,none,test
TRIP046,810,0.0000,0.0000,,,,,True,False,0.1712,False,none,test
TRIP046,820,0.0000,0.0000,,,,,True,False,0.1712,False,none,test
TRIP046,830,0.0000,0.0000,,,,,True,False,0.1712,False,none,test
TRIP046,840,0.0000,0.0000,,,,,True,False,0.1712,False,none,test
TRIP046,851,0.0000,0.0000,,,,,True,False,0.1712,False,none,test
TRIP046,860,0.0000,0.0000,,,,,True,False,0.1712,False,none,test
TRIP046,870,0.0000,0.0000,,,,,True,False,0.1712,False,none,test
TRIP046,881,0.0000,0.0000,,,,,True,False,0.1712,False,none,test
TRIP046,890,0.0000,0.0000,,,,,True,False,0.1712,False,none,test
TRIP046,900,0.0000,0.0000,53.9000,0.0000,0.1100,normal,True,True,0.3314,False,none,test
TRIP046,911,0.0000,0.0000,53.9000,0.0000,0.1100,normal,True,True,0.3314,False,none,test
TRIP046,920,0.0000,0.0000,53.9000,0.0000,0.1100,normal,True,True,0.3314,False,none,test
TRIP046,930,0.0000,0.0000,53.9000,0.0000,0.1100,normal,True,True,0.3314,False,none,test
TRIP046,941,0.0000,0.0000,53.9000,0.0000,0.1100,normal,True,True,0.3314,False,none,test
TRIP046,950,0.0000,0.0000,53.9000,0.0000,0.1100,normal,True,True,0.3314,False,none,test
TRIP046,960,0.0000,0.0000,,,,,True,False,0.1712,False,none,test
TRIP046,970,0.0000,0.0000,,,,,True,False,0.1712,False,none,test
TRIP046,981,0.0000,0.0000,,,,,True,False,0.1712,False,none,test
TRIP046,990,0.0000,0.0000,,,,,True,False,0.1712,False,none,test
TRIP046,1000,0.0000,0.0000,,,,,True,False,0.1712,False,none,test
TRIP046,1010,0.0000,0.0000,,,,,True,False,0.1712,False,none,test
TRIP046,1020,0.0000,0.0000,,,,,True,False,0.1712,False,none,test
TRIP046,1030,0.0000,0.0000,,,,,True,False,0.1712,False,none,test
TRIP047,0,0.0000,0.0000,,,,,True,False,0.1712,False,none,test
TRIP047,10,0.0415,5.6913,,,,,True,False,0.9231,True,high,test
TRIP047,20,0.3080,5.5441,,,,,True,False,1.0000,True,high,test
TRIP047,30,0.1941,0.1770,,,,,True,False,0.5879,False,medium,test
TRIP047,40,0.0466,0.3327,,,,,True,False,0.3919,False,none,test
TRIP047,50,0.1061,0.0664,,,,,True,False,0.4430,False,low,test
TRIP047,60,0.0204,0.2152,,,,,True,False,0.3512,False,none,test
TRIP047,70,0.0676,0.7482,,,,,True,False,0.4687,False,low,test
TRIP047,80,0.0257,0.0298,,,,,True,False,0.2908,False,none,test
TRIP047,90,0.1635,4.9750,,,,,True,False,0.8704,True,high,test
TRIP047,100,0.0956,5.9216,,,,,True,False,0.9433,True,high,test
TRIP047,110,0.0326,5.5655,,,,,True,False,0.9074,True,high,test
TRIP047,120,0.0870,5.4186,,,,,True,False,0.9046,True,high,test
TRIP047,130,0.0494,0.0078,,,,,True,False,0.3159,False,none,test
TRIP047,140,0.0000,0.0000,,,,,True,False,0.1712,False,none,test
TRIP047,150,0.0000,0.0000,,,,,True,False,0.1712,False,none,test
TRIP047,160,0.0000,0.0000,,,,,True,False,0.1712,False,none,test
TRIP047,170,0.0000,0.0000,,,,,True,False,0.1712,False,none,test
TRIP047,180,0.0000,0.0000,,,,,True,False,0.1712,False,none,test
TRIP047,190,0.0000,0.0000,,,,,True,False,0.1712,False,none,test
TRIP047,200,0.0000,0.0000,,,,,True,False,0.1712,False,none,test
TRIP047,210,0.0000,0.0000,,,,,True,False,0.1712,False,none,test
TRIP047,220,0.0000,0.0000,,,,,True,False,0.1712,False,none,test
TRIP047,230,0.0000,0.0000,,,,,True,False,0.1712,False,none,test
TRIP047,240,0.0000,0.0000,,,,,True,False,0.1712,False,none,test
TRIP047,250,0.0000,0.0000,,,,,True,False,0.1712,False,none,test
TRIP047,260,0.0000,0.0000,,,,,True,False,0.1712,False,none,test
TRIP047,270,0.0000,0.0000,,,,,True,False,0.1712,False,none,test
TRIP047,280,0.0000,0.0000,,,,,True,False,0.1712,False,none,test
TRIP047,290,0.0000,0.0000,78.4000,59.7000,0.3300,very_loud,True,True,0.3712,False,none,test
TRIP047,300,0.0000,0.0000,78.4000,59.7000,0.3300,very_loud,True,True,0.3712,False,none,test
TRIP047,310,0.0000,0.0000,78.4000,59.7000,0.3300,very_loud,True,True,0.3712,False,none,test
TRIP047,320,0.0000,0.0000,78.4000,59.7000,0.3300,very_loud,True,True,0.3712,False,none,test
TRIP047,330,0.0000,0.0000,78.4000,59.7000,0.3300,very_loud,True,True,0.3712,False,none,test
TRIP047,340,0.0000,0.0000,78.4000,59.7000,0.3300,very_loud,True,True,0.3712,False,none,test
TRIP047,350,0.0000,0.0000,72.1000,0.0000,0.4300,edge_phone_notif,True,True,0.1487,False,none,test
TRIP047,360,0.0000,0.0000,72.1000,0.0000,0.4300,edge_phone_notif,True,True,0.1487,False,none,test
TRIP047,370,0.0000,0.0000,72.1000,0.0000,0.4300,edge_phone_notif,True,True,0.1487,False,none,test
TRIP047,380,0.0000,0.0000,72.1000,0.0000,0.4300,edge_phone_notif,True,True,0.1487,False,none,test
TRIP047,390,0.0000,0.0000,72.1000,0.0000,0.4300,edge_phone_notif,True,True,0.1487,False,none,test
TRIP047,400,0.0000,0.0000,72.1000,0.0000,0.4300,edge_phone_notif,True,True,0.1487,False,none,test
TRIP047,410,0.0000,0.0000,,,,,True,False,0.1712,False,none,test
TRIP047,420,0.0000,0.0000,,,,,True,False,0.1712,False,none,test
TRIP047,430,0.0000,0.0000,,,,,True,False,0.1712,False,none,test
TRIP047,440,0.0000,0.0000,,,,,True,False,0.1712,False,none,test
TRIP047,450,0.0000,0.0000,,,,,True,False,0.1712,False,none,test
TRIP047,460,0.0000,0.0000,,,,,True,False,0.1712,False,none,test
TRIP047,470,0.0000,0.0000,,,,,True,False,0.1712,False,none,test
TRIP047,480,0.0000,0.0000,,,,,True,False,0.1712,False,none,test
TRIP047,490,0.0000,0.0000,,,,,True,False,0.1712,False,none,test
TRIP047,500,0.0000,0.0000,,,,,True,False,0.1712,False,none,test
TRIP047,510,0.0000,0.0000,,,,,True,False,0.1712,False,none,test
TRIP047,520,0.0000,0.0000,,,,,True,False,0.1712,False,none,test
TRIP047,530,0.0000,0.0000,,,,,True,False,0.1712,False,none,test
TRIP047,540,0.0000,0.0000,,,,,True,False,0.1712,False,none,test
TRIP047,550,0.0000,0.0000,,,,,True,False,0.1712,False,none,test
TRIP047,560,0.0000,0.0000,,,,,True,False,0.1712,False,none,test
TRIP047,570,0.0000,0.0000,,,,,True,False,0.1712,False,none,test
TRIP047,580,0.0000,0.0000,,,,,True,False,0.1712,False,none,test
TRIP047,590,0.0000,0.0000,50.3000,0.0000,0.0800,quiet,True,True,0.3667,False,none,test
TRIP047,600,0.0000,0.0000,50.3000,0.0000,0.0800,quiet,True,True,0.3667,False,none,test
TRIP047,610,0.0000,0.0000,50.3000,0.0000,0.0800,quiet,True,True,0.3667,False,none,test
TRIP047,620,0.0000,0.0000,50.3000,0.0000,0.0800,quiet,True,True,0.3667,False,none,test
TRIP047,630,0.0000,0.0000,50.3000,0.0000,0.0800,quiet,True,True,0.3667,False,none,test
TRIP047,640,0.0000,0.0000,50.3000,0.0000,0.0800,quiet,True,True,0.3667,False,none,test
TRIP047,650,0.0000,0.0000,,,,,True,False,0.1712,False,none,test
TRIP047,660,0.0000,0.0000,,,,,True,False,0.1712,False,none,test
TRIP047,670,0.0000,0.0000,,,,,True,False,0.1712,False,none,test
TRIP047,680,0.0000,0.0000,,,,,True,False,0.1712,False,none,test
TRIP047,690,0.0000,0.0000,81.4000,56.4000,0.3100,argument,True,True,0.3801,False,none,test
TRIP047,700,0.0000,0.0000,81.4000,56.4000,0.3100,argument,True,True,0.3801,False,none,test
TRIP047,710,0.0000,0.0000,81.4000,56.4000,0.3100,argument,True,True,0.3801,False,none,test
TRIP047,720,0.0000,0.0000,81.4000,56.4000,0.3100,argument,True,True,0.3801,False,none,test
TRIP047,730,0.0000,0.0000,81.4000,56.4000,0.3100,argument,True,True,0.3801,False,none,test
TRIP047,740,0.0000,0.0000,81.4000,56.4000,0.3100,argument,True,True,0.3801,False,none,test
TRIP047,750,0.0000,0.0000,,,,,True,False,0.1712,False,none,test
TRIP047,760,0.0000,0.0000,,,,,True,False,0.1712,False,none,test
TRIP047,770,0.0000,0.0000,,,,,True,False,0.1712,False,none,test
TRIP047,780,0.0000,0.0000,,,,,True,False,0.1712,False,none,test
TRIP047,790,0.0000,0.0000,,,,,True,False,0.1712,False,none,test
TRIP047,800,0.0000,0.0000,,,,,True,False,0.1712,False,none,test
TRIP047,810,0.0000,0.0000,75.6000,82.1000,0.4600,very_loud,True,True,0.4522,False,low,test
TRIP047,820,0.0000,0.0000,75.6000,82.1000,0.4600,very_loud,True,True,0.4522,False,low,test
TRIP047,830,0.0000,0.0000,75.6000,82.1000,0.4600,very_loud,True,True,0.4522,False,low,test
TRIP047,840,0.0000,0.0000,75.6000,82.1000,0.4600,very_loud,True,True,0.4522,False,low,test
TRIP047,850,0.0000,0.0000,75.6000,82.1000,0.4600,very_loud,True,True,0.4522,False,low,test
TRIP047,860,0.0000,0.0000,75.6000,82.1000,0.4600,very_loud,True,True,0.4522,False,low,test
TRIP047,870,0.0000,0.0000,,,,,True,False,0.1712,False,none,test
TRIP047,880,0.0000,0.0000,,,,,True,False,0.1712,False,none,test
TRIP047,890,0.0000,0.0000,,,,,True,False,0.1712,False,none,test
TRIP047,900,0.0000,0.0000,,,,,True,False,0.1712,False,none,test
TRIP047,910,0.0000,0.0000,,,,,True,False,0.1712,False,none,test
TRIP047,920,0.0000,0.0000,,,,,True,False,0.1712,False,none,test
TRIP047,930,0.0000,0.0000,,,,,True,False,0.1712,False,none,test
TRIP047,940,0.0000,0.0000,,,,,True,False,0.1712,False,none,test
TRIP047,950,0.0000,0.0000,,,,,True,False,0.1712,False,none,test
TRIP047,960,0.0000,0.0000,,,,,True,False,0.1712,False,none,test
TRIP047,970,0.0000,0.0000,,,,,True,False,0.1712,False,none,test
TRIP047,980,0.0000,0.0000,,,,,True,False,0.1712,False,none,test
TRIP047,990,0.0000,0.0000,,,,,True,False,0.1712,False,none,test
TRIP047,1000,0.0000,0.0000,,,,,True,False,0.1712,False,none,test
TRIP048,0,0.0000,0.0000,,,,,True,False,0.1712,False,none,test
TRIP048,10,0.4164,4.7917,,,,,True,False,0.9307,True,high,test
TRIP048,20,0.0103,0.5850,,,,,True,False,0.4114,False,low,test
TRIP048,30,0.0460,0.6925,,,,,True,False,0.4442,False,low,test
TRIP048,40,0.1323,0.0102,,,,,True,False,0.4627,False,low,test
TRIP048,50,0.0313,0.9991,,,,,True,False,0.4844,False,low,test
TRIP048,60,0.0805,0.0142,,,,,True,False,0.3789,False,none,test
TRIP048,70,0.0875,0.2538,,,,,True,False,0.4321,False,low,test
TRIP048,80,0.0127,1.0909,,,,,True,False,0.4876,False,low,test
TRIP048,90,0.0191,0.0144,,,,,True,False,0.2618,False,none,test
TRIP048,100,0.0457,3.0772,,,,,True,False,0.6947,True,medium,test
TRIP048,110,0.0266,2.0852,,,,,True,False,0.6108,False,medium,test
TRIP048,120,0.0230,0.2770,,,,,True,False,0.3533,False,none,test
TRIP048,130,0.0619,0.2071,,,,,True,False,0.3901,False,none,test
TRIP048,140,0.0196,0.4585,59.4000,0.0000,0.1700,normal,True,True,0.5118,False,low,test
TRIP048,150,0.0000,0.0000,59.4000,0.0000,0.1700,normal,True,True,0.2773,False,none,test
TRIP048,160,0.0000,0.0000,59.4000,0.0000,0.1700,normal,True,True,0.2773,False,none,test
TRIP048,170,0.0000,0.0000,59.4000,0.0000,0.1700,normal,True,True,0.2773,False,none,test
TRIP048,180,0.0000,0.0000,59.4000,0.0000,0.1700,normal,True,True,0.2773,False,none,test
TRIP048,190,0.0000,0.0000,59.4000,0.0000,0.1700,normal,True,True,0.2773,False,none,test
TRIP048,200,0.0000,0.0000,,,,,True,False,0.1712,False,none,test
TRIP048,210,0.0000,0.0000,,,,,True,False,0.1712,False,none,test
TRIP048,220,0.0000,0.0000,,,,,True,False,0.1712,False,none,test
TRIP048,230,0.0000,0.0000,,,,,True,False,0.1712,False,none,test
TRIP048,240,0.0000,0.0000,,,,,True,False,0.1712,False,none,test
TRIP048,250,0.0000,0.0000,,,,,True,False,0.1712,False,none,test
TRIP048,260,0.0000,0.0000,,,,,True,False,0.1712,False,none,test
TRIP048,270,0.0000,0.0000,,,,,True,False,0.1712,False,none,test
TRIP048,280,0.0000,0.0000,,,,,True,False,0.1712,False,none,test
TRIP048,290,0.0000,0.0000,,,,,True,False,0.1712,False,none,test
TRIP048,300,0.0000,0.0000,,,,,True,False,0.1712,False,none,test
TRIP048,310,0.0000,0.0000,,,,,True,False,0.1712,False,none,test
TRIP048,320,0.0000,0.0000,,,,,True,False,0.1712,False,none,test
TRIP048,330,0.0000,0.0000,,,,,True,False,0.1712,False,none,test
TRIP048,340,0.0000,0.0000,,,,,True,False,0.1712,False,none,test
TRIP048,350,0.0000,0.0000,,,,,True,False,0.1712,False,none,test
TRIP048,360,0.0000,0.0000,,,,,True,False,0.1712,False,none,test
TRIP048,370,0.0000,0.0000,,,,,True,False,0.1712,False,none,test
TRIP048,380,0.0000,0.0000,,,,,True,False,0.1712,False,none,test
TRIP048,390,0.0000,0.0000,,,,,True,False,0.1712,False,none,test
TRIP048,400,0.0000,0.0000,,,,,True,False,0.1712,False,none,test
TRIP048,410,0.0000,0.0000,,,,,True,False,0.1712,False,none,test
TRIP048,420,0.0000,0.0000,,,,,True,False,0.1712,False,none,test
TRIP048,430,0.0000,0.0000,,,,,True,False,0.1712,False,none,test
TRIP048,440,0.0000,0.0000,,,,,True,False,0.1712,False,none,test
TRIP048,450,0.0000,0.0000,,,,,True,False,0.1712,False,none,test
TRIP048,460,0.0000,0.0000,,,,,True,False,0.1712,False,none,test
TRIP048,470,0.0000,0.0000,,,,,True,False,0.1712,False,none,test
TRIP048,480,0.0000,0.0000,,,,,True,False,0.1712,False,none,test
TRIP048,490,0.0000,0.0000,,,,,True,False,0.1712,False,none,test
TRIP048,500,0.0000,0.0000,,,,,True,False,0.1712,False,none,test
TRIP048,510,0.0000,0.0000,,,,,True,False,0.1712,False,none,test
TRIP048,520,0.0000,0.0000,,,,,True,False,0.1712,False,none,test
TRIP048,530,0.0000,0.0000,,,,,True,False,0.1712,False,none,test
TRIP048,540,0.0000,0.0000,,,,,True,False,0.1712,False,none,test
TRIP048,550,0.0000,0.0000,,,,,True,False,0.1712,False,none,test
TRIP048,560,0.0000,0.0000,,,,,True,False,0.1712,False,none,test
TRIP048,570,0.0000,0.0000,,,,,True,False,0.1712,False,none,test
TRIP048,580,0.0000,0.0000,,,,,True,False,0.1712,False,none,test
TRIP048,590,0.0000,0.0000,,,,,True,False,0.1712,False,none,test
TRIP048,600,0.0000,0.0000,,,,,True,False,0.1712,False,none,test
TRIP048,610,0.0000,0.0000,,,,,True,False,0.1712,False,none,test
TRIP048,620,0.0000,0.0000,,,,,True,False,0.1712,False,none,test
TRIP048,630,0.0000,0.0000,,,,,True,False,0.1712,False,none,test
TRIP048,640,0.0000,0.0000,,,,,True,False,0.1712,False,none,test
TRIP048,650,0.0000,0.0000,,,,,True,False,0.1712,False,none,test
TRIP048,660,0.0000,0.0000,,,,,True,False,0.1712,False,none,test
TRIP048,670,0.0000,0.0000,,,,,True,False,0.1712,False,none,test
TRIP048,680,0.0000,0.0000,,,,,True,False,0.1712,False,none,test
TRIP048,690,0.0000,0.0000,,,,,True,False,0.1712,False,none,test
TRIP048,700,0.0000,0.0000,,,,,True,False,0.1712,False,none,test
TRIP048,710,0.0000,0.0000,,,,,True,False,0.1712,False,none,test
TRIP048,720,0.0000,0.0000,,,,,True,False,0.1712,False,none,test
TRIP048,730,0.0000,0.0000,,,,,True,False,0.1712,False,none,test
TRIP048,740,0.0000,0.0000,,,,,True,False,0.1712,False,none,test
TRIP048,750,0.0000,0.0000,,,,,True,False,0.1712,False,none,test
TRIP048,760,0.0000,0.0000,46.9000,0.0000,0.0600,quiet,True,True,0.4139,False,low,test
TRIP048,770,0.0000,0.0000,46.9000,0.0000,0.0600,quiet,True,True,0.4139,False,low,test
TRIP048,780,0.0000,0.0000,46.9000,0.0000,0.0600,quiet,True,True,0.4139,False,low,test
TRIP048,790,0.0000,0.0000,46.9000,0.0000,0.0600,quiet,True,True,0.4139,False,low,test
TRIP048,800,0.0000,0.0000,46.9000,0.0000,0.0600,quiet,True,True,0.4139,False,low,test
TRIP048,810,0.0000,0.0000,46.9000,0.0000,0.0600,quiet,True,True,0.4139,False,low,test
TRIP048,820,0.0000,0.0000,,,,,True,False,0.1712,False,none,test
TRIP048,830,0.0000,0.0000,,,,,True,False,0.1712,False,none,test
TRIP048,840,0.0000,0.0000,,,,,True,False,0.1712,False,none,test
TRIP048,850,0.0000,0.0000,,,,,True,False,0.1712,False,none,test
TRIP048,860,0.0000,0.0000,,,,,True,False,0.1712,False,none,test
TRIP048,870,0.0000,0.0000,,,,,True,False,0.1712,False,none,test
TRIP048,880,0.0000,0.0000,,,,,True,False,0.1712,False,none,test
TRIP048,890,0.0000,0.0000,,,,,True,False,0.1712,False,none,test
TRIP048,900,0.0000,0.0000,,,,,True,False,0.1712,False,none,test
TRIP048,910,0.0000,0.0000,,,,,True,False,0.1712,False,none,test
TRIP048,920,0.0000,0.0000,,,,,True,False,0.1712,False,none,test
TRIP048,930,0.0000,0.0000,,,,,True,False,0.1712,False,none,test
TRIP048,940,0.0000,0.0000,,,,,True,False,0.1712,False,none,test
TRIP048,950,0.0000,0.0000,,,,,True,False,0.1712,False,none,test
TRIP048,960,0.0000,0.0000,,,,,True,False,0.1712,False,none,test
TRIP048,970,0.0000,0.0000,,,,,True,False,0.1712,False,none,test
TRIP048,980,0.0000,0.0000,,,,,True,False,0.1712,False,none,test
TRIP048,990,0.0000,0.0000,,,,,True,False,0.1712,False,none,test
TRIP048,1000,0.0000,0.0000,,,,,True,False,0.1712,False,none,test
TRIP048,1010,0.0000,0.0000,,,,,True,False,0.1712,False,none,test
TRIP048,1020,0.0000,0.0000,,,,,True,False,0.1712,False,none,test
TRIP048,1030,0.0000,0.0000,,,,,True,False,0.1712,False,none,test
TRIP048,1040,0.0000,0.0000,,,,,True,False,0.1712,False,none,test
TRIP048,1055,0.0000,0.0000,,,,,True,False,0.1712,False,none,test
TRIP048,1061,0.0000,0.0000,,,,,True,False,0.1712,False,none,test
TRIP050,550,,,62.8000,0.0000,0.2300,normal,False,True,0.2404,False,none,test
TRIP050,599,,,84.9000,28.1000,0.1600,edge_baby_crying,False,True,0.3357,False,none,test
TRIP050,799,,,73.5000,120.0000,0.6700,edge_radio_talk,False,True,0.5583,False,medium,test
TRIP050,836,,,45.0000,0.0000,0.0500,quiet,False,True,0.4320,False,low,test
TRIP050,979,,,65.5000,0.0000,0.2800,conversation,False,True,0.2010,False,none,test
TRIP050,1022,,,51.2000,0.0000,0.0800,quiet,False,True,0.3619,False,none,test
TRIP050,1059,,,45.0000,0.0000,0.0500,quiet,False,True,0.4320,False,low,test
TRIP050,1694,,,85.8000,22.3000,0.1200,edge_laughter,False,True,0.3288,False,none,test
TRIP050,2108,,,81.9000,39.7000,0.2200,very_loud,False,True,0.3310,False,none,test
TRIP050,2143,,,47.3000,0.0000,0.0600,quiet,False,True,0.4122,False,low,test
TRIP050,2307,,,51.6000,0.0000,0.0900,quiet,False,True,0.3496,False,none,test
TRIP050,2322,,,75.3000,80.7000,0.4500,very_loud,False,True,0.4481,False,low,test
TRIP050,2612,,,48.1000,0.0000,0.0600,quiet,False,True,0.4095,False,low,test
TRIP050,2726,,,81.6000,77.6000,0.4300,very_loud,False,True,0.4275,False,low,test
TRIP050,2853,,,72.0000,0.0000,0.4300,conversation,False,True,0.1487,False,none,test
TRIP050,3476,,,58.7000,0.0000,0.1600,normal,False,True,0.2889,False,none,test
TRIP050,3574,,,71.7000,135.5000,0.7500,very_loud,False,True,0.5904,False,medium,test
TRIP050,3589,,,63.2000,0.0000,0.2300,normal,False,True,0.2408,False,none,test
TRIP050,3706,,,73.1000,0.0000,0.4500,conversation,False,True,0.1274,False,none,test
TRIP050,3900,,,79.0000,79.4000,0.4400,edge_wind_noise,False,True,0.3968,False,none,test
TRIP050,3956,,,70.9000,0.0000,0.4000,conversation,False,True,0.1633,False,none,test
TRIP050,4160,,,71.0000,53.9000,0.3000,edge_radio_talk,False,True,0.4541,False,low,test
TRIP050,4263,,,69.1000,0.0000,0.3600,conversation,False,True,0.1674,False,none,test
TRIP050,4268,,,67.7000,0.0000,0.3300,conversation,False,True,0.1949,False,none,test
TRIP050,4339,,,83.2000,0.0000,0.6900,loud,False,True,0.0838,False,none,test
TRIP050,4987,,,47.4000,0.0000,0.0600,quiet,False,True,0.4126,False,low,test
TRIP050,5012,,,45.2000,0.0000,0.0500,quiet,False,True,0.4678,False,low,test
TRIP050,5016,,,45.0000,0.0000,0.0500,quiet,False,True,0.4320,False,low,test
TRIP050,5407,,,46.1000,0.0000,0.0500,quiet,False,True,0.4334,False,low,test
TRIP050,5707,,,45.0000,0.0000,0.0500,quiet,False,True,0.4320,False,low,test
TRIP050,5897,,,62.5000,0.0000,0.2200,conversation,False,True,0.2402,False,none,test
TRIP050,5912,,,63.7000,0.0000,0.2400,conversation,False,True,0.2416,False,none,test
TRIP050,5914,,,51.3000,0.0000,0.0900,quiet,False,True,0.3587,False,none,test
TRIP050,6424,,,64.1000,0.0000,0.2500,conversation,False,True,0.2410,False,none,test
TRIP050,6899,,,68.9000,0.0000,0.3500,conversation,False,True,0.1667,False,none,test
TRIP050,7010,,,68.2000,0.0000,0.3500,conversation,False,True,0.1859,False,none,test
TRIP050,7258,,,70.0000,0.0000,0.3500,conversation,False,True,0.1712,False,none,test
TRIP050,7406,,,71.2000,0.0000,0.3500,conversation,False,True,0.1628,False,none,test
TRIP050,7530,,,69.9000,0.0000,0.3500,conversation,False,True,0.1712,False,none,test
TRIP050,7781,,,69.5000,0.0000,0.3500,conversation,False,True,0.1698,False,none,test
TRIP050,7912,,,69.3000,0.0000,0.3500,conversation,False,True,0.1702,False,none,test
TRIP050,8161,,,68.9000,0.0000,0.3500,conversation,False,True,0.1667,False,none,test
TRIP050,8300,,,67.7000,0.0000,0.3500,conversation,False,True,0.1949,False,none,test
TRIP050,8362,,,68.0000,0.0000,0.3500,conversation,False,True,0.1884,False,none,test
TRIP050,8487,,,67.5000,0.0000,0.3500,conversation,False,True,0.1979,False,none,test
TRIP050,8617,,,67.3000,0.0000,0.3500,conversation,False,True,0.1998,False,none,test
TRIP050,8781,,,68.0000,0.0000,0.3500,conversation,False,True,0.1884,False,none,test
TRIP050,9061,,,68.1000,0.0000,0.3500,conversation,False,True,0.1883,False,none,test
TRIP050,9251,,,68.5000,0.0000,0.3500,conversation,False,True,0.1812,False,none,test
TRIP050,9481,,,68.8000,0.0000,0.3500,conversation,False,True,0.1724,False,none,test
TRIP050,9689,,,68.2000,0.0000,0.3500,conversation,False,True,0.1859,False,none,test
TRIP050,9953,,,68.7000,0.0000,0.3500,conversation,False,True,0.1770,False,none,test
TRIP050,10135,,,70.4000,0.0000,0.3500,conversation,False,True,0.1698,False,none,test
TRIP050,10208,,,71.1000,0.0000,0.3500,conversation,False,True,0.1657,False,none,test
TRIP050,10398,,,69.6000,0.0000,0.3500,conversation,False,True,0.1749,False,none,test
TRIP050,10584,,,68.1000,0.0000,0.3500,conversation,False,True,0.1883,False,none,test
TRIP050,10805,,,68.9000,0.0000,0.3500,conversation,False,True,0.1667,False,none,test
TRIP050,11096,,,68.5000,0.0000,0.3500,conversation,False,True,0.1812,False,none,test
TRIP050,11196,,,68.8000,0.0000,0.3500,conversation,False,True,0.1724,False,none,test
TRIP050,11442,,,67.5000,0.0000,0.3500,conversation,False,True,0.1979,False,none,test
TRIP050,11560,,,67.7000,0.0000,0.3500,conversation,False,True,0.1949,False,none,test
TRIP050,11840,,,66.9000,0.0000,0.3500,conversation,False,True,0.2048,False,none,test
TRIP050,11965,,,66.2000,0.0000,0.3500,conversation,False,True,0.2045,False,none,test
TRIP050,12225,,,66.7000,0.0000,0.3500,conversation,False,True,0.2051,False,none,test
TRIP050,12438,,,68.5000,0.0000,0.3500,conversation,False,True,0.1812,False,none,test
TRIP050,12716,,,67.0000,0.0000,0.3500,conversation,False,True,0.2022,False,none,test
TRIP050,12942,,,68.9000,0.0000,0.3500,conversation,False,True,0.1667,False,none,test
TRIP050,13230,,,69.5000,0.0000,0.3500,conversation,False,True,0.1698,False,none,test
TRIP050,13469,,,70.2000,0.0000,0.3500,conversation,False,True,0.1733,False,none,test
TRIP050,13711,,,71.0000,0.0000,0.3500,conversation,False,True,0.1657,False,none,test
TRIP050,13968,,,71.0000,0.0000,0.3500,conversation,False,True,0.1657,False,none,test
TRIP050,14040,,,71.3000,0.0000,0.3500,conversation,False,True,0.1597,False,none,test
TRIP050,14182,,,70.5000,0.0000,0.3500,conversation,False,True,0.1684,False,none,test
TRIP050,14352,,,69.4000,0.0000,0.3500,conversation,False,True,0.1687,False,none,test
TRIP050,14529,,,68.1000,0.0000,0.3500,conversation,False,True,0.1883,False,none,test
TRIP050,14793,,,68.4000,0.0000,0.3500,conversation,False,True,0.1843,False,none,test
TRIP050,15076,,,68.6000,0.0000,0.3500,conversation,False,True,0.1774,False,none,test
TRIP050,15163,,,68.9000,0.0000,0.3500,conversation,False,True,0.1667,False,none,test
TRIP050,15330,,,70.0000,0.0000,0.3500,conversation,False,True,0.1712,False,none,test
TRIP050,15547,,,70.2000,0.0000,0.3500,conversation,False,True,0.1733,False,none,test
TRIP050,15598,,,71.2000,0.0000,0.3500,conversation,False,True,0.1628,False,none,test
TRIP050,15853,,,71.4000,0.0000,0.3500,conversation,False,True,0.1597,False,none,test
TRIP050,16100,,,69.8000,0.0000,0.3500,conversation,False,True,0.1716,False,none,test
TRIP050,16256,,,69.0000,0.0000,0.3500,conversation,False,True,0.1674,False,none,test
TRIP050,16302,,,68.8000,0.0000,0.3500,conversation,False,True,0.1724,False,none,test
TRIP050,16510,,,70.2000,0.0000,0.3500,conversation,False,True,0.1733,False,none,test
TRIP050,16584,,,70.0000,0.0000,0.3500,conversation,False,True,0.1712,False,none,test
TRIP050,16674,,,71.1000,0.0000,0.3500,conversation,False,True,0.1657,False,none,test
TRIP050,16825,,,69.9000,0.0000,0.3500,conversation,False,True,0.1712,False,none,test
TRIP050,17034,,,71.3000,0.0000,0.3500,conversation,False,True,0.1597,False,none,test
TRIP050,17283,,,70.0000,0.0000,0.3500,conversation,False,True,0.1712,False,none,test
TRIP050,17384,,,71.1000,0.0000,0.3500,conversation,False,True,0.1657,False,none,test
TRIP050,17519,,,72.3000,0.0000,0.3500,conversation,False,True,0.1487,False,none,test
TRIP050,17728,,,72.4000,0.0000,0.3500,conversation,False,True,0.1442,False,none,test
TRIP050,17844,,,71.7000,0.0000,0.3500,conversation,False,True,0.1544,False,none,test
TRIP050,18023,,,70.9000,0.0000,0.3500,conversation,False,True,0.1633,False,none,test
TRIP050,18189,,,72.7000,0.0000,0.3500,conversation,False,True,0.1325,False,none,test
TRIP050,18482,,,74.6000,0.0000,0.3500,conversation,False,True,0.0937,False,none,test
TRIP050,18560,,,73.1000,0.0000,0.3500,conversation,False,True,0.1274,False,none,test
TRIP050,18800,,,74.8000,0.0000,0.3500,conversation,False,True,0.0882,False,none,test
TRIP050,18971,,,76.3000,0.0000,0.3500,conversation,False,True,0.0532,False,none,test
TRIP050,19065,,,77.1000,0.0000,0.3500,conversation,False,True,0.0343,False,none,test
TRIP050,19162,,,76.1000,0.0000,0.3500,conversation,False,True,0.0579,False,none,test
TRIP050,19356,,,77.4000,0.0000,0.3500,conversation,False,True,0.0270,False,none,test
TRIP050,19587,,,77.4000,0.0000,0.3500,conversation,False,True,0.0270,False,none,test
TRIP050,19754,,,77.9000,0.0000,0.3500,conversation,False,True,0.0226,False,none,test
TRIP050,19976,,,77.7000,0.0000,0.3500,conversation,False,True,0.0285,False,none,test
TRIP050,20053,,,77.3000,0.0000,0.3500,conversation,False,True,0.0296,False,none,test
TRIP050,20225,,,78.1000,0.0000,0.3500,conversation,False,True,0.0205,False,none,test
TRIP050,20443,,,77.9000,0.0000,0.3500,conversation,False,True,0.0226,False,none,test
TRIP050,20722,,,77.2000,0.0000,0.3500,conversation,False,True,0.0324,False,none,test
TRIP050,20753,,,78.7000,0.0000,0.3500,conversation,False,True,0.0000,False,none,test
TRIP050,20830,,,79.6000,0.0000,0.3500,conversation,False,True,0.0213,False,none,test
TRIP050,21094,,,80.1000,0.0000,0.3500,conversation,False,True,0.0278,False,none,test
TRIP050,21307,,,81.5000,0.0000,0.3500,conversation,False,True,0.0583,False,none,test
TRIP050,21540,,,80.4000,0.0000,0.3500,conversation,False,True,0.0333,False,none,test
TRIP050,21789,,,81.7000,0.0000,0.3500,conversation,False,True,0.0602,False,none,test
TRIP050,22072,,,80.8000,0.0000,0.3500,conversation,False,True,0.0406,False,none,test
TRIP050,22247,,,80.2000,0.0000,0.3500,conversation,False,True,0.0302,False,none,test
TRIP050,22343,,,80.5000,0.0000,0.3500,conversation,False,True,0.0346,False,none,test
TRIP050,22621,,,81.7000,0.0000,0.3500,conversation,False,True,0.0602,False,none,test
TRIP050,22675,,,79.9000,0.0000,0.3500,conversation,False,True,0.0228,False,none,test
TRIP050,22940,,,78.0000,0.0000,0.3500,conversation,False,True,0.0226,False,none,test
TRIP050,23050,,,77.8000,0.0000,0.3500,conversation,False,True,0.0261,False,none,test
TRIP050,23080,,,79.8000,0.0000,0.3500,conversation,False,True,0.0228,False,none,test
TRIP050,23329,,,78.6000,0.0000,0.3500,conversation,False,True,0.0000,False,none,test
TRIP050,23426,,,80.1000,0.0000,0.3500,conversation,False,True,0.0278,False,none,test
TRIP050,23610,,,78.7000,0.0000,0.3500,conversation,False,True,0.0000,False,none,test
TRIP050,23780,,,77.1000,0.0000,0.3500,conversation,False,True,0.0343,False,none,test
TRIP050,23994,,,76.1000,0.0000,0.3500,conversation,False,True,0.0579,False,none,test
TRIP050,24214,,,76.8000,0.0000,0.3500,conversation,False,True,0.0426,False,none,test
TRIP050,24328,,,75.0000,0.0000,0.3500,conversation,False,True,0.0853,False,none,test
TRIP050,24514,,,75.9000,0.0000,0.3500,conversation,False,True,0.0601,False,none,test
TRIP050,24663,,,75.6000,0.0000,0.3500,conversation,False,True,0.0771,False,none,test
TRIP050,24739,,,76.4000,0.0000,0.3500,conversation,False,True,0.0491,False,none,test
TRIP050,24769,,,75.3000,0.0000,0.3500,conversation,False,True,0.0853,False,none,test
TRIP050,24838,,,73.8000,0.0000,0.3500,conversation,False,True,0.1165,False,none,test
TRIP050,24983,,,73.9000,0.0000,0.3500,conversation,False,True,0.1150,False,none,test
TRIP050,25240,,,71.9000,0.0000,0.3500,conversation,False,True,0.1505,False,none,test
TRIP050,25445,,,73.2000,0.0000,0.3500,conversation,False,True,0.1274,False,none,test
TRIP050,25691,,,74.0000,0.0000,0.3500,conversation,False,True,0.1153,False,none,test
TRIP050,25965,,,72.3000,0.0000,0.3500,conversation,False,True,0.1487,False,none,test
TRIP050,26191,,,70.7000,0.0000,0.3500,conversation,False,True,0.1695,False,none,test
TRIP050,26273,,,69.1000,0.0000,0.3500,conversation,False,True,0.1674,False,none,test
TRIP050,26491,,,70.6000,0.0000,0.3500,conversation,False,True,0.1702,False,none,test
TRIP050,26591,,,70.1000,0.0000,0.3500,conversation,False,True,0.1712,False,none,test
TRIP050,26689,,,70.7000,0.0000,0.3500,conversation,False,True,0.1695,False,none,test
TRIP050,26792,,,69.0000,0.0000,0.3500,conversation,False,True,0.1674,False,none,test
TRIP050,26826,,,69.4000,0.0000,0.3500,conversation,False,True,0.1687,False,none,test
TRIP050,26940,,,69.2000,0.0000,0.3500,conversation,False,True,0.1685,False,none,test
TRIP050,27079,,,69.7000,0.0000,0.3500,conversation,False,True,0.1756,False,none,test
TRIP050,27186,,,71.4000,0.0000,0.3500,conversation,False,True,0.1597,False,none,test
TRIP050,27442,,,72.8000,0.0000,0.3500,conversation,False,True,0.1325,False,none,test
TRIP050,27516,,,74.4000,0.0000,0.3500,conversation,False,True,0.0974,False,none,test
TRIP050,27617,,,75.4000,0.0000,0.3500,conversation,False,True,0.0823,False,none,test
TRIP050,27843,,,74.8000,0.0000,0.3500,conversation,False,True,0.0882,False,none,test
TRIP050,28092,,,74.1000,0.0000,0.3500,conversation,False,True,0.1099,False,none,test
TRIP050,28193,,,73.1000,0.0000,0.3500,conversation,False,True,0.1274,False,none,test
TRIP050,28266,,,72.1000,0.0000,0.3500,conversation,False,True,0.1487,False,none,test
TRIP050,28441,,,73.2000,0.0000,0.3500,conversation,False,True,0.1274,False,none,test
TRIP050,28484,,,74.6000,0.0000,0.3500,conversation,False,True,0.0937,False,none,test
TRIP050,28668,,,73.4000,0.0000,0.3500,conversation,False,True,0.1239,False,none,test
TRIP050,28958,,,72.2000,0.0000,0.3500,conversation,False,True,0.1487,False,none,test
TRIP050,29188,,,71.4000,0.0000,0.3500,conversation,False,True,0.1597,False,none,test
TRIP050,29245,,,72.5000,0.0000,0.3500,conversation,False,True,0.1442,False,none,test
TRIP050,29397,,,72.5000,0.0000,0.3500,conversation,False,True,0.1442,False,none,test
TRIP050,29484,,,71.5000,0.0000,0.3500,conversation,False,True,0.1572,False,none,test
TRIP050,29550,,,71.6000,0.0000,0.3500,conversation,False,True,0.1541,False,none,test
TRIP050,29586,,,73.5000,0.0000,0.3500,conversation,False,True,0.1185,False,none,test
TRIP050,29778,,,72.0000,0.0000,0.3500,conversation,False,True,0.1487,False,none,test
TRIP050,30023,,,71.5000,0.0000,0.3500,conversation,False,True,0.1572,False,none,test
TRIP050,30141,,,72.6000,0.0000,0.3500,conversation,False,True,0.1419,False,none,test
TRIP050,30208,,,70.7000,0.0000,0.3500,conversation,False,True,0.1695,False,none,test
TRIP050,30272,,,68.8000,0.0000,0.3500,conversation,False,True,0.1724,False,none,test
TRIP050,30412,,,67.0000,0.0000,0.3500,conversation,False,True,0.2022,False,none,test
TRIP050,30472,,,68.8000,0.0000,0.3500,conversation,False,True,0.1724,False,none,test
TRIP050,30705,,,68.8000,0.0000,0.3500,conversation,False,True,0.1724,False,none,test
TRIP050,30991,,,69.9000,0.0000,0.3500,conversation,False,True,0.1712,False,none,test
TRIP050,31237,,,70.7000,0.0000,0.3500,conversation,False,True,0.1695,False,none,test
TRIP050,31309,,,71.3000,0.0000,0.3500,conversation,False,True,0.1597,False,none,test
TRIP050,31417,,,70.4000,0.0000,0.3500,conversation,False,True,0.1698,False,none,test
TRIP050,31605,,,68.7000,0.0000,0.3500,conversation,False,True,0.1770,False,none,test
TRIP050,31739,,,70.6000,0.0000,0.3500,conversation,False,True,0.1702,False,none,test
TRIP050,31848,,,70.7000,0.0000,0.3500,conversation,False,True,0.1695,False,none,test
TRIP050,32078,,,71.0000,0.0000,0.3500,conversation,False,True,0.1657,False,none,test
TRIP050,32141,,,70.2000,0.0000,0.3500,conversation,False,True,0.1733,False,none,test
TRIP050,32394,,,71.1000,0.0000,0.3500,conversation,False,True,0.1657,False,none,test
TRIP050,32546,,,69.3000,0.0000,0.3500,conversation,False,True,0.1702,False,none,test
TRIP050,32620,,,71.0000,0.0000,0.3500,conversation,False,True,0.1657,False,none,test
TRIP050,32709,,,70.8000,0.0000,0.3500,conversation,False,True,0.1695,False,none,test
TRIP050,32767,,,70.0000,0.0000,0.3500,conversation,False,True,0.1712,False,none,test
TRIP050,32886,,,68.5000,0.0000,0.3500,conversation,False,True,0.1812,False,none,test
TRIP050,32986,,,69.3000,0.0000,0.3500,conversation,False,True,0.1702,False,none,test
TRIP050,33099,,,69.3000,0.0000,0.3500,conversation,False,True,0.1702,False,none,test
TRIP050,33306,,,69.4000,0.0000,0.3500,conversation,False,True,0.1687,False,none,test
TRIP050,33468,,,68.1000,0.0000,0.3500,conversation,False,True,0.1883,False,none,test
TRIP050,33562,,,69.1000,0.0000,0.3500,conversation,False,True,0.1674,False,none,test
TRIP050,33729,,,70.0000,0.0000,0.3500,conversation,False,True,0.1712,False,none,test
TRIP050,33819,,,71.1000,0.0000,0.3500,conversation,False,True,0.1657,False,none,test
TRIP050,33864,,,70.4000,0.0000,0.3500,conversation,False,True,0.1698,False,none,test
TRIP050,34113,,,69.5000,0.0000,0.3500,conversation,False,True,0.1698,False,none,test
TRIP050,34175,,,68.6000,0.0000,0.3500,conversation,False,True,0.1774,False,none,test
TRIP050,34244,,,68.6000,0.0000,0.3500,conversation,False,True,0.1774,False,none,test
TRIP050,34535,,,68.0000,0.0000,0.3500,conversation,False,True,0.1884,False,none,test
TRIP050,34820,,,69.4000,0.0000,0.3500,conversation,False,True,0.1687,False,none,test
TRIP050,34935,,,68.9000,0.0000,0.3500,conversation,False,True,0.1667,False,none,test
TRIP050,35095,,,70.0000,0.0000,0.3500,conversation,False,True,0.1712,False,none,test
TRIP050,35184,,,68.9000,0.0000,0.3500,conversation,False,True,0.1667,False,none,test
TRIP050,35474,,,66.9000,0.0000,0.3500,conversation,False,True,0.2048,False,none,test
TRIP050,35510,,,65.9000,0.0000,0.3500,conversation,False,True,0.2017,False,none,test
TRIP050,35781,,,65.4000,0.0000,0.3500,conversation,False,True,0.2078,False,none,test
TRIP050,35887,,,64.1000,0.0000,0.3500,conversation,False,True,0.2410,False,none,test
TRIP050,35935,,,64.3000,0.0000,0.3500,conversation,False,True,0.2361,False,none,test
TRIP050,36179,,,63.2000,0.0000,0.3500,conversation,False,True,0.2408,False,none,test
TRIP050,36336,,,62.9000,0.0000,0.3500,conversation,False,True,0.2404,False,none,test
TRIP050,36529,,,62.0000,0.0000,0.3500,conversation,False,True,0.2404,False,none,test
TRIP050,36598,,,62.3000,0.0000,0.3500,conversation,False,True,0.2403,False,none,test
TRIP050,36689,,,62.3000,0.0000,0.3500,conversation,False,True,0.2403,False,none,test
TRIP050,36745,,,61.0000,0.0000,0.3500,conversation,False,True,0.2495,False,none,test
TRIP050,37039,,,62.9000,0.0000,0.3500,conversation,False,True,0.2404,False,none,test
TRIP050,37274,,,61.2000,0.0000,0.3500,conversation,False,True,0.2478,False,none,test
TRIP050,37542,,,62.7000,0.0000,0.3500,conversation,False,True,0.2402,False,none,test
TRIP050,37731,,,62.0000,0.0000,0.3500,conversation,False,True,0.2404,False,none,test
TRIP050,37994,,,60.0000,0.0000,0.3500,conversation,False,True,0.2711,False,none,test
TRIP050,38126,,,59.2000,0.0000,0.3500,conversation,False,True,0.2773,False,none,test
TRIP050,38311,,,60.2000,0.0000,0.3500,conversation,False,True,0.2711,False,none,test
TRIP050,38465,,,60.1000,0.0000,0.3500,conversation,False,True,0.2715,False,none,test
TRIP050,38747,,,62.1000,0.0000,0.3500,conversation,False,True,0.2388,False,none,test
TRIP050,38877,,,63.0000,0.0000,0.3500,conversation,False,True,0.2404,False,none,test
TRIP050,39032,,,61.6000,0.0000,0.3500,conversation,False,True,0.2445,False,none,test
TRIP050,39271,,,59.7000,0.0000,0.3500,conversation,False,True,0.2761,False,none,test
TRIP050,39478,,,60.2000,0.0000,0.3500,conversation,False,True,0.2711,False,none,test
TRIP050,39512,,,62.0000,0.0000,0.3500,conversation,False,True,0.2404,False,none,test
TRIP050,39542,,,63.0000,0.0000,0.3500,conversation,False,True,0.2404,False,none,test
TRIP050,39764,,,64.4000,0.0000,0.3500,conversation,False,True,0.2321,False,none,test
TRIP050,39951,,,62.8000,0.0000,0.3500,conversation,False,True,0.2404,False,none,test
TRIP050,40102,,,62.5000,0.0000,0.3500,conversation,False,True,0.2402,False,none,test
TRIP050,40162,,,64.4000,0.0000,0.3500,conversation,False,True,0.2321,False,none,test
TRIP050,40264,,,65.2000,0.0000,0.3500,conversation,False,True,0.2062,False,none,test
TRIP050,40341,,,63.4000,0.0000,0.3500,conversation,False,True,0.2399,False,none,test
TRIP050,40489,,,65.0000,0.0000,0.3500,conversation,False,True,0.2166,False,none,test
TRIP050,40785,,,64.7000,0.0000,0.3500,conversation,False,True,0.2211,False,none,test
TRIP050,41005,,,64.5000,0.0000,0.3500,conversation,False,True,0.2262,False,none,test
