trip_id,elapsed_seconds,manuever_acceleration,acc_dir_change,peak_db,peak_sustained_sec,audio_score,peak_classification,audio_severity,has_motion,has_audio
TRIP001,292,,,88.0000,112.0000,0.6200,argument,medium,False,True
TRIP001,535,,,91.0000,0.0000,0.0000,conversation,low,False,True
TRIP001,611,,,86.0000,27.0000,0.1500,very_loud,low,False,True
TRIP002,280,,,95.0000,0.0000,0.0000,conversation,low,False,True
TRIP002,420,,,95.0000,150.0000,0.8300,argument,high,False,True
TRIP002,1657,,,92.0000,0.0000,0.0000,loud,low,False,True
TRIP003,93,,,91.0000,67.0000,0.3700,very_loud,medium,False,True
TRIP003,633,,,92.0000,122.0000,0.6800,argument,high,False,True
TRIP003,820,,,92.0000,0.0000,0.0000,quiet,low,False,True
TRIP003,1029,,,91.0000,0.0000,0.0000,normal,low,False,True
TRIP003,1374,,,90.0000,0.0000,0.0000,loud,low,False,True
TRIP003,1659,,,93.0000,0.0000,0.0000,conversation,low,False,True
TRIP004,846,,,71.0000,120.0000,0.6700,argument,medium,False,True
TRIP004,1393,,,63.0000,149.0000,0.8300,argument,high,False,True
TRIP005,649,,,91.0000,0.0000,0.0000,quiet,low,False,True
TRIP005,845,,,94.0000,0.0000,0.0000,normal,low,False,True
TRIP005,1280,,,69.0000,136.0000,0.7600,very_loud,high,False,True
TRIP005,1557,,,73.0000,143.0000,0.7900,very_loud,high,False,True
TRIP005,1798,,,85.0000,150.0000,0.8300,argument,high,False,True
TRIP006,660,,,95.0000,0.0000,0.0000,normal,low,False,True
TRIP006,1073,,,90.0000,158.0000,0.8800,argument,high,False,True
TRIP006,1251,,,90.0000,0.0000,0.0000,loud,low,False,True
TRIP006,1497,,,79.0000,65.0000,0.3600,argument,medium,False,True
TRIP007,137,,,56.0000,8.0000,0.0400,very_loud,low,False,True
TRIP007,504,,,67.0000,76.0000,0.4200,very_loud,medium,False,True
TRIP007,1253,,,68.0000,125.0000,0.6900,argument,high,False,True
TRIP008,496,,,53.0000,135.0000,0.7500,argument,high,False,True
TRIP008,609,,,68.0000,53.0000,0.2900,argument,low,False,True
TRIP008,1095,,,97.0000,9.0000,0.0500,argument,low,False,True
TRIP009,281,,,56.0000,150.0000,0.8300,very_loud,high,False,True
TRIP009,386,,,96.0000,0.0000,0.0000,quiet,low,False,True
TRIP009,402,,,90.0000,70.0000,0.3900,very_loud,medium,False,True
TRIP009,1587,,,66.0000,114.0000,0.6300,argument,medium,False,True
TRIP010,86,,,68.0000,20.0000,0.1100,argument,low,False,True
TRIP010,249,,,86.0000,139.0000,0.7700,argument,high,False,True
TRIP010,913,,,96.0000,180.0000,1.0000,argument,high,False,True
TRIP011,584,,,91.0000,146.0000,0.8100,argument,high,False,True
TRIP011,1749,,,95.0000,0.0000,0.0000,loud,low,False,True
TRIP012,905,,,91.0000,0.0000,0.0000,conversation,low,False,True
TRIP012,1050,,,97.0000,40.0000,0.2200,argument,low,False,True
TRIP012,1434,,,54.0000,15.0000,0.0800,very_loud,low,False,True
TRIP012,1765,,,53.0000,84.0000,0.4700,argument,medium,False,True
TRIP013,104,,,93.0000,138.0000,0.7700,argument,high,False,True
TRIP013,1032,,,78.0000,71.0000,0.3900,very_loud,medium,False,True
TRIP013,1161,,,52.0000,39.0000,0.2200,very_loud,low,False,True
TRIP013,1262,,,97.0000,0.0000,0.0000,conversation,low,False,True
TRIP013,1769,,,89.0000,0.0000,0.0000,loud,low,False,True
TRIP014,1027,,,89.0000,0.0000,0.0000,loud,low,False,True
TRIP015,86,,,96.0000,0.0000,0.0000,conversation,low,False,True
TRIP015,353,,,95.0000,36.0000,0.2000,very_loud,low,False,True
TRIP015,954,,,93.0000,88.0000,0.4900,very_loud,medium,False,True
TRIP015,1091,,,71.0000,90.0000,0.5000,very_loud,medium,False,True
TRIP015,1224,,,93.0000,12.0000,0.0700,argument,low,False,True
TRIP015,1562,,,54.0000,35.0000,0.1900,very_loud,low,False,True
TRIP016,585,,,84.0000,0.0000,0.0000,quiet,low,False,True
TRIP016,714,,,85.0000,70.0000,0.3900,argument,medium,False,True
TRIP016,1451,,,86.0000,0.0000,0.0000,conversation,low,False,True
TRIP017,592,,,64.0000,147.0000,0.8200,argument,high,False,True
TRIP017,792,,,85.0000,92.0000,0.5100,argument,medium,False,True
TRIP018,323,,,76.0000,121.0000,0.6700,argument,high,False,True
TRIP018,665,,,92.0000,0.0000,0.0000,loud,low,False,True
TRIP018,946,,,93.0000,0.0000,0.0000,conversation,low,False,True
TRIP019,630,,,96.0000,161.0000,0.8900,argument,high,False,True
TRIP020,890,,,67.0000,14.0000,0.0800,argument,low,False,True
TRIP021,356,,,86.0000,57.0000,0.3200,very_loud,low,False,True
TRIP021,1112,,,83.0000,0.0000,0.0000,loud,low,False,True
TRIP021,1603,,,87.0000,58.0000,0.3200,very_loud,low,False,True
TRIP022,711,,,95.0000,0.0000,0.0000,quiet,low,False,True
TRIP022,1029,,,95.0000,0.0000,0.0000,conversation,low,False,True
TRIP022,1278,,,96.0000,86.0000,0.4800,very_loud,medium,False,True
TRIP022,1545,,,96.0000,164.0000,0.9100,argument,high,False,True
TRIP023,240,,,90.0000,0.0000,0.0000,conversation,low,False,True
TRIP023,381,,,50.0000,86.0000,0.4800,argument,medium,False,True
TRIP023,483,,,53.0000,30.0000,0.1700,argument,low,False,True
TRIP023,1124,,,80.0000,170.0000,0.9400,very_loud,high,False,True
TRIP024,105,,,87.0000,0.0000,0.0000,loud,low,False,True
TRIP025,295,,,62.0000,130.0000,0.7200,very_loud,high,False,True
TRIP025,1313,,,96.0000,107.0000,0.5900,argument,medium,False,True
TRIP026,169,,,96.0000,0.0000,0.0000,loud,low,False,True
TRIP026,604,,,86.0000,49.0000,0.2700,argument,low,False,True
TRIP026,970,,,83.0000,0.0000,0.0000,loud,low,False,True
TRIP026,1129,,,58.0000,22.0000,0.1200,very_loud,low,False,True
TRIP026,1419,,,66.0000,123.0000,0.6800,very_loud,high,False,True
TRIP026,1653,,,93.0000,0.0000,0.0000,loud,low,False,True
TRIP027,6,,,97.0000,0.0000,0.0000,normal,low,False,True
TRIP027,447,,,98.0000,0.0000,0.0000,normal,low,False,True
TRIP027,1103,,,67.0000,178.0000,0.9900,very_loud,high,False,True
TRIP027,1276,,,93.0000,30.0000,0.1700,very_loud,low,False,True
TRIP028,322,,,95.0000,179.0000,0.9900,argument,high,False,True
TRIP028,1737,,,97.0000,15.0000,0.0800,argument,low,False,True
TRIP029,541,,,96.0000,0.0000,0.0000,conversation,low,False,True
TRIP029,819,,,97.0000,0.0000,0.0000,loud,low,False,True
TRIP029,1284,,,84.0000,0.0000,0.0000,conversation,low,False,True
TRIP030,1183,,,96.0000,0.0000,0.0000,conversation,low,False,True
TRIP030,1574,,,83.0000,146.0000,0.8100,argument,high,False,True
TRIP031,0,0.0000,0.0000,,,,,,True,False
TRIP031,10,0.3845,3.4033,,,,,,True,False
TRIP031,20,0.0385,0.6825,,,,,,True,False
TRIP031,30,0.0463,0.6459,,,,,,True,False
TRIP031,40,0.0545,0.3851,,,,,,True,False
TRIP031,50,0.0210,0.3518,,,,,,True,False
TRIP031,60,0.1735,0.3477,,,,,,True,False
TRIP031,162,0.0144,0.1452,,,,,,True,False
TRIP031,277,0.0000,0.0000,,,,,,True,False
TRIP031,291,0.0000,0.0000,,,,,,True,False
TRIP031,328,0.0000,0.0000,,,,,,True,False
TRIP031,336,0.0000,0.0000,,,,,,True,False
TRIP031,344,0.0000,0.0000,,,,,,True,False
TRIP031,354,0.0000,0.0000,,,,,,True,False
TRIP031,360,0.0000,0.0000,,,,,,True,False
TRIP031,637,0.0000,0.0000,,,,,,True,False
TRIP031,640,0.0000,0.0000,71.1000,0.0000,0.4000,conversation,low,True,True
TRIP031,669,0.0000,0.0000,71.1000,0.0000,0.4000,conversation,low,True,True
TRIP031,879,0.0000,0.0000,,,,,,True,False
TRIP031,891,0.0000,0.0000,,,,,,True,False
TRIP031,938,0.0000,0.0000,,,,,,True,False
TRIP031,963,0.0000,0.0000,,,,,,True,False
TRIP031,992,0.0000,0.0000,,,,,,True,False
TRIP032,0,0.0000,0.0000,,,,,,True,False
TRIP032,10,0.5616,2.6721,,,,,,True,False
TRIP032,20,0.0226,3.1791,,,,,,True,False
TRIP032,30,0.0314,1.0869,,,,,,True,False
TRIP032,40,0.0183,0.5960,,,,,,True,False
TRIP032,50,0.0737,5.1536,,,,,,True,False
TRIP032,60,0.0640,1.4013,,,,,,True,False
TRIP032,154,0.0002,0.5859,,,,,,True,False
TRIP032,271,0.0109,0.5032,,,,,,True,False
TRIP032,307,0.0000,0.0000,,,,,,True,False
TRIP032,455,0.0000,0.0000,,,,,,True,False
TRIP032,610,0.0000,0.0000,,,,,,True,False
TRIP032,753,0.0000,0.0000,,,,,,True,False
TRIP033,0,0.0000,0.0000,63.1000,0.0000,0.2300,normal,low,True,True
TRIP033,10,1.7533,4.8322,63.1000,0.0000,0.2300,normal,low,True,True
TRIP033,20,1.7291,5.0713,63.1000,0.0000,0.2300,normal,low,True,True
TRIP033,212,0.0078,0.5335,,,,,,True,False
TRIP033,313,0.0000,0.0000,83.0000,58.5000,0.3200,edge_construction,medium,True,True
TRIP033,385,0.0000,0.0000,68.9000,0.0000,0.3500,conversation,low,True,True
TRIP033,515,0.0000,0.0000,,,,,,True,False
TRIP033,614,0.0000,0.0000,,,,,,True,False
TRIP033,990,0.0000,0.0000,,,,,,True,False
TRIP033,1117,0.0000,0.0000,,,,,,True,False
TRIP033,1120,0.0000,0.0000,,,,,,True,False
TRIP033,1418,0.0000,0.0000,,,,,,True,False
TRIP033,1584,0.0000,0.0000,,,,,,True,False
TRIP034,0,0.0000,0.0000,,,,,,True,False
TRIP034,10,0.1062,2.5263,,,,,,True,False
TRIP034,20,0.4847,0.0263,,,,,,True,False
TRIP034,30,0.0471,1.3518,,,,,,True,False
TRIP034,40,0.0466,0.8069,,,,,,True,False
TRIP034,50,0.0776,0.4287,,,,,,True,False
TRIP034,60,0.2712,0.3067,,,,,,True,False
TRIP034,72,0.0216,0.0127,,,,,,True,False
TRIP034,83,0.0000,0.0000,,,,,,True,False
TRIP034,260,0.0000,0.0000,45.1000,0.0000,0.0500,quiet,low,True,True
TRIP034,280,0.0000,0.0000,,,,,,True,False
TRIP034,324,0.0000,0.0000,,,,,,True,False
TRIP034,439,0.0284,0.0775,76.5000,50.2000,0.2800,very_loud,medium,True,True
TRIP034,440,1.0164,1.4959,76.5000,50.2000,0.2800,very_loud,medium,True,True
TRIP035,0,0.0000,0.0000,,,,,,True,False
TRIP035,10,0.3485,3.4781,,,,,,True,False
TRIP035,20,0.0265,0.6257,,,,,,True,False
TRIP035,30,0.0148,0.0922,,,,,,True,False
TRIP035,40,0.0950,0.6832,,,,,,True,False
TRIP035,50,0.0873,0.4079,,,,,,True,False
TRIP035,60,0.1100,0.5155,,,,,,True,False
TRIP035,103,0.0244,0.0164,,,,,,True,False
TRIP035,122,0.1416,0.0090,,,,,,True,False
TRIP035,193,0.0046,0.4065,,,,,,True,False
TRIP035,210,0.0721,0.2933,,,,,,True,False
TRIP035,241,0.0234,0.4267,,,,,,True,False
TRIP035,501,0.0000,0.0000,,,,,,True,False
TRIP035,515,0.0000,0.0000,,,,,,True,False
TRIP035,526,0.0000,0.0000,,,,,,True,False
TRIP035,552,0.0000,0.0000,,,,,,True,False
TRIP035,566,0.0000,0.0000,,,,,,True,False
TRIP035,675,0.0000,0.0000,,,,,,True,False
TRIP035,690,0.0000,0.0000,,,,,,True,False
TRIP035,830,0.0000,0.0000,,,,,,True,False
TRIP035,963,0.0000,0.0000,45.0000,0.0000,0.0500,quiet,low,True,True
TRIP035,1099,0.0000,0.0000,,,,,,True,False
TRIP035,1109,0.0000,0.0000,,,,,,True,False
TRIP035,1110,0.0000,0.0000,,,,,,True,False
TRIP036,0,0.0000,0.0000,,,,,,True,False
TRIP036,10,0.5367,3.7722,,,,,,True,False
TRIP036,20,0.1319,5.6652,70.2000,0.0000,0.3800,normal,low,True,True
TRIP036,30,0.1097,0.1169,70.2000,0.0000,0.3800,normal,low,True,True
TRIP036,40,0.2491,5.5571,70.2000,0.0000,0.3800,normal,low,True,True
TRIP036,50,0.0368,0.0123,70.2000,0.0000,0.3800,normal,low,True,True
TRIP036,60,0.0480,0.0508,70.2000,0.0000,0.3800,normal,low,True,True
TRIP036,206,0.0030,0.2488,,,,,,True,False
TRIP036,222,0.0000,0.0000,,,,,,True,False
TRIP036,261,0.0000,0.0000,,,,,,True,False
TRIP036,457,0.0000,0.0000,45.0000,0.0000,0.0500,quiet,low,True,True
TRIP036,465,0.0000,0.0000,45.0000,0.0000,0.0500,quiet,low,True,True
TRIP036,569,0.0000,0.0000,58.8000,0.0000,0.1600,normal,low,True,True
TRIP036,570,0.0000,0.0000,58.8000,0.0000,0.1600,normal,low,True,True
TRIP036,664,0.0000,0.0000,45.0000,0.0000,0.0500,quiet,low,True,True
TRIP036,680,0.0000,0.0000,45.0000,0.0000,0.0500,quiet,low,True,True
TRIP036,680,0.0000,0.0000,45.0000,0.0000,0.0500,quiet,low,True,True
TRIP036,775,0.0000,0.0000,,,,,,True,False
TRIP036,799,0.0000,0.0000,,,,,,True,False
TRIP036,804,0.0000,0.0000,,,,,,True,False
TRIP036,822,0.0000,0.0000,,,,,,True,False
TRIP036,1067,0.0000,0.0000,,,,,,True,False
TRIP037,0,0.0000,0.0000,47.3000,0.0000,0.0600,quiet,low,True,True
TRIP037,10,0.2463,3.5067,47.3000,0.0000,0.0600,quiet,low,True,True
TRIP037,20,0.0852,0.0675,47.3000,0.0000,0.0600,quiet,low,True,True
TRIP037,30,0.0569,0.0535,47.3000,0.0000,0.0600,quiet,low,True,True
TRIP037,40,0.1704,0.3890,47.3000,0.0000,0.0600,quiet,low,True,True
TRIP037,50,0.1416,0.3895,,,,,,True,False
TRIP037,60,0.0747,0.0747,,,,,,True,False
TRIP037,244,0.0005,0.0198,,,,,,True,False
TRIP038,0,0.0000,0.0000,,,,,,True,False
TRIP038,10,0.1697,2.6300,84.5000,0.0000,0.7200,edge_phone_notif,medium,True,True
TRIP038,20,0.0756,0.0008,84.5000,0.0000,0.7200,edge_phone_notif,medium,True,True
TRIP038,30,0.0634,0.0278,84.5000,0.0000,0.7200,edge_phone_notif,medium,True,True
TRIP038,40,0.0720,0.4432,84.5000,0.0000,0.7200,edge_phone_notif,medium,True,True
TRIP038,50,0.1775,0.1306,84.5000,0.0000,0.7200,edge_phone_notif,medium,True,True
TRIP038,60,0.1731,0.2704,84.5000,0.0000,0.7200,edge_phone_notif,medium,True,True
TRIP038,107,0.0622,0.0664,,,,,,True,False
TRIP038,131,0.0000,0.0000,,,,,,True,False
TRIP038,169,0.0000,0.0000,,,,,,True,False
TRIP038,325,0.0000,0.0000,,,,,,True,False
TRIP038,334,0.3671,0.6253,,,,,,True,False
TRIP038,348,0.1928,0.5619,,,,,,True,False
TRIP038,363,0.0694,0.1783,,,,,,True,False
TRIP038,372,0.0006,1.3612,,,,,,True,False
TRIP038,388,0.0000,0.0000,,,,,,True,False
TRIP038,453,0.0000,0.0000,,,,,,True,False
TRIP038,535,0.0000,0.0000,,,,,,True,False
TRIP038,546,0.0000,0.0000,,,,,,True,False
TRIP038,684,0.0000,0.0000,,,,,,True,False
TRIP038,700,0.0000,0.0000,,,,,,True,False
TRIP038,700,0.0000,0.0000,,,,,,True,False
TRIP038,713,0.0000,0.0000,,,,,,True,False
TRIP038,789,0.0000,0.0000,,,,,,True,False
TRIP038,831,0.0000,0.0000,,,,,,True,False
TRIP038,975,0.0000,0.0000,,,,,,True,False
TRIP038,988,0.0000,0.0000,,,,,,True,False
TRIP038,998,0.0000,0.0000,,,,,,True,False
TRIP039,0,0.0000,0.0000,,,,,,True,False
TRIP039,0,0.5113,4.9083,,,,,,True,False
TRIP039,0,0.0123,6.0084,,,,,,True,False
TRIP039,0,0.0095,0.3414,,,,,,True,False
TRIP039,60,0.0083,0.2872,,,,,,True,False
TRIP039,60,0.0097,4.6258,,,,,,True,False
TRIP039,60,0.1179,3.6431,,,,,,True,False
TRIP039,120,0.0029,0.1700,,,,,,True,False
TRIP039,120,0.0000,0.0000,,,,,,True,False
TRIP039,240,0.0000,0.0000,,,,,,True,False
TRIP039,240,0.0000,0.0000,,,,,,True,False
TRIP039,360,0.0000,0.0000,58.9000,0.0000,0.1700,normal,low,True,True
TRIP039,540,0.0000,0.0000,,,,,,True,False
TRIP039,660,0.0000,0.0000,,,,,,True,False
TRIP039,720,0.0000,0.0000,,,,,,True,False
TRIP039,720,0.0000,0.0000,,,,,,True,False
TRIP039,720,0.0000,0.0000,,,,,,True,False
TRIP039,780,0.0000,0.0000,,,,,,True,False
TRIP039,780,0.0000,0.0000,,,,,,True,False
TRIP039,960,0.0000,0.0000,74.7000,0.0000,0.4900,loud,low,True,True
TRIP040,0,0.0000,0.0000,,,,,,True,False
TRIP040,0,0.0719,3.6271,,,,,,True,False
TRIP040,60,0.0113,0.3901,,,,,,True,False
TRIP040,60,0.2287,0.7046,,,,,,True,False
TRIP040,60,0.0232,0.2422,,,,,,True,False
TRIP040,60,0.1750,0.5626,,,,,,True,False
TRIP040,60,0.2209,0.2008,,,,,,True,False
TRIP040,240,0.0109,0.0121,73.0000,0.0000,0.4500,normal,low,True,True
TRIP040,240,0.0000,0.0000,73.0000,0.0000,0.4500,normal,low,True,True
TRIP040,420,0.0000,0.0000,,,,,,True,False
TRIP040,480,0.0000,0.0000,,,,,,True,False
TRIP040,600,0.0000,0.0000,,,,,,True,False
TRIP040,780,0.0000,0.0000,,,,,,True,False
TRIP040,1020,0.0000,0.0000,,,,,,True,False
TRIP040,1080,0.0000,0.0000,57.0000,0.0000,0.1400,normal,low,True,True
TRIP040,1080,0.4195,2.7182,57.0000,0.0000,0.1400,normal,low,True,True
TRIP041,0,0.0000,0.0000,,,,,,True,False
TRIP041,10,0.4969,4.7851,,,,,,True,False
TRIP041,20,0.0063,5.7225,,,,,,True,False
TRIP041,30,0.0404,0.1017,,,,,,True,False
TRIP041,40,0.1601,0.7280,,,,,,True,False
TRIP041,50,0.0081,4.0346,,,,,,True,False
TRIP041,60,0.0923,3.6370,,,,,,True,False
TRIP041,243,0.0008,0.0821,,,,,,True,False
TRIP041,264,0.0000,0.0000,,,,,,True,False
TRIP041,296,0.0000,0.0000,,,,,,True,False
TRIP041,328,0.0000,0.0000,,,,,,True,False
TRIP041,330,0.0000,0.0000,,,,,,True,False
TRIP041,342,0.0000,0.0000,,,,,,True,False
TRIP041,358,0.0000,0.0000,,,,,,True,False
TRIP041,432,0.0000,0.0000,,,,,,True,False
TRIP041,442,0.0000,0.0000,,,,,,True,False
TRIP041,457,0.0000,0.0000,,,,,,True,False
TRIP041,460,0.0000,0.0000,,,,,,True,False
TRIP041,472,0.0000,0.0000,,,,,,True,False
TRIP041,482,0.0000,0.0000,,,,,,True,False
TRIP042,0,0.0000,0.0000,86.2000,44.9000,0.2500,very_loud,medium,True,True
TRIP042,10,0.6013,3.0548,86.2000,44.9000,0.2500,very_loud,medium,True,True
TRIP042,20,0.3731,0.2413,86.2000,44.9000,0.2500,very_loud,medium,True,True
TRIP042,30,0.3928,0.3709,86.2000,44.9000,0.2500,very_loud,medium,True,True
TRIP042,40,0.0917,0.5935,86.2000,44.9000,0.2500,very_loud,medium,True,True
TRIP042,50,0.1855,1.5414,,,,,,True,False
TRIP042,60,0.3163,1.8252,,,,,,True,False
TRIP042,92,0.0952,0.0975,,,,,,True,False
TRIP042,130,0.0695,0.5861,,,,,,True,False
TRIP042,135,0.0000,0.0000,,,,,,True,False
TRIP042,173,0.0000,0.0000,,,,,,True,False
TRIP042,243,0.0000,0.0000,,,,,,True,False
TRIP042,254,0.1746,0.3308,45.2000,0.0000,0.0500,quiet,low,True,True
TRIP042,336,0.0000,0.0000,,,,,,True,False
TRIP042,369,0.0000,0.0000,81.2000,0.0000,0.6500,loud,medium,True,True
TRIP042,371,0.0000,0.0000,81.2000,0.0000,0.6500,loud,medium,True,True
TRIP042,545,0.0000,0.0000,,,,,,True,False
TRIP042,552,0.0000,0.0000,,,,,,True,False
TRIP042,568,0.0000,0.0000,,,,,,True,False
TRIP042,657,0.0000,0.0000,,,,,,True,False
TRIP042,671,0.0000,0.0000,,,,,,True,False
TRIP042,698,0.0000,0.0000,,,,,,True,False
TRIP042,735,0.0000,0.0000,,,,,,True,False
TRIP042,758,0.0000,0.0000,,,,,,True,False
TRIP042,771,0.0000,0.0000,,,,,,True,False
TRIP042,786,0.0000,0.0000,,,,,,True,False
TRIP042,857,0.0000,0.0000,80.4000,136.5000,0.7600,very_loud,high,True,True
TRIP042,974,0.0000,0.0000,65.2000,0.0000,0.2700,normal,low,True,True
TRIP042,1018,0.0000,0.0000,,,,,,True,False
TRIP042,1020,1.4961,3.0825,,,,,,True,False
TRIP043,0,0.0000,0.0000,,,,,,True,False
TRIP043,10,0.3200,3.5674,,,,,,True,False
TRIP043,20,0.0336,0.3093,,,,,,True,False
TRIP043,30,0.0821,0.7897,68.7000,0.0000,0.3500,conversation,low,True,True
TRIP043,40,0.0030,0.1969,68.7000,0.0000,0.3500,conversation,low,True,True
TRIP043,50,0.0632,0.0851,68.7000,0.0000,0.3500,conversation,low,True,True
TRIP043,60,0.1820,4.7351,68.7000,0.0000,0.3500,conversation,low,True,True
TRIP043,109,0.0203,4.1874,,,,,,True,False
TRIP043,242,0.0000,0.0000,,,,,,True,False
TRIP043,256,0.0000,0.0000,47.6000,0.0000,0.0600,quiet,low,True,True
TRIP043,278,0.0000,0.0000,47.6000,0.0000,0.0600,quiet,low,True,True
TRIP043,579,0.0000,0.0000,,,,,,True,False
TRIP043,745,0.0000,0.0000,,,,,,True,False
TRIP044,0,0.0000,0.0000,,,,,,True,False
TRIP044,10,0.0062,0.0555,,,,,,True,False
TRIP044,20,0.1039,0.3846,,,,,,True,False
TRIP044,30,0.0227,0.5435,,,,,,True,False
TRIP044,40,0.0755,0.2582,,,,,,True,False
TRIP044,50,0.0014,0.4515,,,,,,True,False
TRIP044,60,0.0674,1.4233,,,,,,True,False
TRIP044,70,0.0604,2.1059,,,,,,True,False
TRIP044,80,0.1089,0.1779,,,,,,True,False
TRIP044,90,0.0638,1.4401,,,,,,True,False
TRIP044,100,0.0425,0.3945,,,,,,True,False
TRIP044,110,0.0653,1.8939,,,,,,True,False
TRIP044,120,0.0216,0.8520,,,,,,True,False
TRIP044,130,0.1330,0.6400,,,,,,True,False
TRIP044,140,0.0000,0.0000,,,,,,True,False
TRIP044,150,0.0000,0.0000,,,,,,True,False
TRIP044,160,0.0000,0.0000,,,,,,True,False
TRIP044,170,0.0000,0.0000,,,,,,True,False
TRIP044,180,0.0000,0.0000,,,,,,True,False
TRIP044,190,0.0000,0.0000,,,,,,True,False
TRIP044,200,0.0000,0.0000,,,,,,True,False
TRIP044,210,0.0000,0.0000,,,,,,True,False
TRIP044,220,0.0000,0.0000,,,,,,True,False
TRIP044,230,0.0000,0.0000,,,,,,True,False
TRIP044,240,0.0000,0.0000,,,,,,True,False
TRIP044,250,0.0000,0.0000,,,,,,True,False
TRIP044,260,0.0000,0.0000,,,,,,True,False
TRIP044,270,0.0000,0.0000,,,,,,True,False
TRIP044,280,0.0000,0.0000,,,,,,True,False
TRIP044,290,0.0000,0.0000,,,,,,True,False
TRIP044,300,0.0000,0.0000,,,,,,True,False
TRIP044,310,0.0000,0.0000,,,,,,True,False
TRIP044,320,0.0000,0.0000,,,,,,True,False
TRIP044,330,0.0000,0.0000,,,,,,True,False
TRIP044,340,0.0000,0.0000,,,,,,True,False
TRIP044,350,0.0000,0.0000,,,,,,True,False
TRIP044,360,0.0000,0.0000,,,,,,True,False
TRIP044,370,0.0000,0.0000,,,,,,True,False
TRIP044,380,0.0000,0.0000,,,,,,True,False
TRIP044,390,0.0000,0.0000,,,,,,True,False
TRIP044,400,0.0000,0.0000,,,,,,True,False
TRIP044,410,0.0000,0.0000,,,,,,True,False
TRIP044,420,0.0000,0.0000,,,,,,True,False
TRIP044,430,0.0000,0.0000,,,,,,True,False
TRIP044,440,0.0000,0.0000,,,,,,True,False
TRIP044,450,0.0000,0.0000,,,,,,True,False
TRIP044,460,0.0000,0.0000,,,,,,True,False
TRIP044,470,0.0000,0.0000,,,,,,True,False
TRIP044,480,0.0000,0.0000,,,,,,True,False
TRIP044,490,0.0000,0.0000,,,,,,True,False
TRIP044,500,0.0000,0.0000,,,,,,True,False
TRIP044,510,0.0000,0.0000,,,,,,True,False
TRIP044,520,0.0000,0.0000,,,,,,True,False
TRIP044,530,0.0000,0.0000,,,,,,True,False
TRIP044,540,0.0000,0.0000,,,,,,True,False
TRIP044,550,0.0000,0.0000,,,,,,True,False
TRIP044,560,0.0000,0.0000,,,,,,True,False
TRIP044,570,0.0000,0.0000,,,,,,True,False
TRIP044,580,0.0000,0.0000,,,,,,True,False
TRIP044,590,0.0000,0.0000,,,,,,True,False
TRIP044,600,0.0000,0.0000,,,,,,True,False
TRIP044,610,0.0000,0.0000,,,,,,True,False
TRIP044,620,0.0000,0.0000,,,,,,True,False
TRIP044,630,0.0000,0.0000,,,,,,True,False
TRIP044,640,0.0000,0.0000,,,,,,True,False
TRIP044,650,0.0000,0.0000,,,,,,True,False
TRIP044,660,0.0000,0.0000,,,,,,True,False
TRIP044,670,0.0000,0.0000,,,,,,True,False
TRIP044,680,0.0000,0.0000,,,,,,True,False
TRIP044,690,0.0000,0.0000,,,,,,True,False
TRIP044,700,0.0000,0.0000,,,,,,True,False
TRIP044,710,0.0000,0.0000,,,,,,True,False
TRIP044,720,0.0000,0.0000,,,,,,True,False
TRIP044,730,0.0000,0.0000,,,,,,True,False
TRIP044,740,0.0000,0.0000,,,,,,True,False
TRIP044,750,0.0000,0.0000,,,,,,True,False
TRIP044,760,0.0000,0.0000,82.5000,9.4000,0.0500,edge_laughter,medium,True,True
TRIP044,770,0.0000,0.0000,82.5000,9.4000,0.0500,edge_laughter,medium,True,True
TRIP044,780,0.0000,0.0000,82.5000,9.4000,0.0500,edge_laughter,medium,True,True
TRIP044,790,0.0000,0.0000,82.5000,9.4000,0.0500,edge_laughter,medium,True,True
TRIP044,800,0.0000,0.0000,92.0000,0.0000,0.8500,argument,high,True,True
TRIP044,810,0.0000,0.0000,92.0000,0.0000,0.8500,argument,high,True,True
TRIP044,820,0.0000,0.0000,92.0000,0.0000,0.8500,argument,high,True,True
TRIP044,830,0.0000,0.0000,92.0000,0.0000,0.8500,argument,high,True,True
TRIP044,840,0.0000,0.0000,,,,,,True,False
TRIP044,850,0.0000,0.0000,,,,,,True,False
TRIP044,860,0.0000,0.0000,,,,,,True,False
TRIP044,870,0.0000,0.0000,,,,,,True,False
TRIP044,880,0.0000,0.0000,,,,,,True,False
TRIP044,890,0.0000,0.0000,,,,,,True,False
TRIP044,900,0.0000,0.0000,,,,,,True,False
TRIP044,910,0.0000,0.0000,,,,,,True,False
TRIP044,920,0.0000,0.0000,,,,,,True,False
TRIP044,930,0.3055,4.3533,,,,,,True,False
TRIP045,0,0.0000,0.0000,,,,,,True,False
TRIP045,10,0.1266,4.8037,,,,,,True,False
TRIP045,20,0.0534,0.0662,,,,,,True,False
TRIP045,30,0.0002,0.0124,,,,,,True,False
TRIP045,40,0.0016,0.1054,,,,,,True,False
TRIP045,50,0.0026,0.0335,,,,,,True,False
TRIP045,60,0.0078,0.0160,,,,,,True,False
TRIP045,70,0.0150,0.0230,,,,,,True,False
TRIP045,80,0.0066,0.1120,,,,,,True,False
TRIP045,90,0.0070,0.0329,,,,,,True,False
TRIP045,100,0.0296,4.8642,,,,,,True,False
TRIP045,110,0.0401,4.8360,,,,,,True,False
TRIP045,120,0.0922,0.1219,,,,,,True,False
TRIP045,130,0.0130,0.1469,,,,,,True,False
TRIP045,140,0.0025,0.0518,,,,,,True,False
TRIP045,150,0.0023,0.0571,,,,,,True,False
TRIP045,160,0.0115,0.0930,,,,,,True,False
TRIP045,170,0.0093,0.0285,,,,,,True,False
TRIP045,180,0.0017,0.0478,,,,,,True,False
TRIP045,190,0.0000,0.0000,,,,,,True,False
TRIP045,200,0.0000,0.0000,,,,,,True,False
TRIP045,210,0.0000,0.0000,,,,,,True,False
TRIP045,220,0.0000,0.0000,,,,,,True,False
TRIP045,230,0.0000,0.0000,,,,,,True,False
TRIP045,240,0.0000,0.0000,,,,,,True,False
TRIP045,250,0.0000,0.0000,,,,,,True,False
TRIP045,260,0.0000,0.0000,,,,,,True,False
TRIP045,270,0.0000,0.0000,,,,,,True,False
TRIP045,280,0.0000,0.0000,,,,,,True,False
TRIP045,290,0.0000,0.0000,,,,,,True,False
TRIP045,300,0.0000,0.0000,,,,,,True,False
TRIP045,310,0.0000,0.0000,,,,,,True,False
TRIP045,320,0.0000,0.0000,,,,,,True,False
TRIP045,330,0.0000,0.0000,,,,,,True,False
TRIP045,340,0.0000,0.0000,,,,,,True,False
TRIP045,350,0.0000,0.0000,,,,,,True,False
TRIP045,360,0.0000,0.0000,,,,,,True,False
TRIP045,370,0.0000,0.0000,,,,,,True,False
TRIP045,380,0.0000,0.0000,,,,,,True,False
TRIP045,390,0.0000,0.0000,,,,,,True,False
TRIP045,400,0.0000,0.0000,,,,,,True,False
TRIP045,410,0.0000,0.0000,,,,,,True,False
TRIP045,420,0.0000,0.0000,,,,,,True,False
TRIP045,430,0.0000,0.0000,,,,,,True,False
TRIP045,440,0.0000,0.0000,,,,,,True,False
TRIP045,450,0.0000,0.0000,,,,,,True,False
TRIP045,460,0.0000,0.0000,,,,,,True,False
TRIP045,470,0.0000,0.0000,,,,,,True,False
TRIP045,480,0.0000,0.0000,,,,,,True,False
TRIP045,490,0.0000,0.0000,,,,,,True,False
TRIP045,500,0.0000,0.0000,,,,,,True,False
TRIP045,510,0.0000,0.0000,,,,,,True,False
TRIP045,520,0.0000,0.0000,,,,,,True,False
TRIP045,530,0.0000,0.0000,,,,,,True,False
TRIP045,540,0.0000,0.0000,,,,,,True,False
TRIP045,12433,0.0000,0.0000,,,,,,True,False
TRIP045,12443,0.0752,0.0864,,,,,,True,False
TRIP045,12453,0.0519,0.6359,,,,,,True,False
TRIP045,12463,0.0196,0.3204,,,,,,True,False
TRIP046,0,0.0000,0.0000,,,,,,True,False
TRIP046,10,0.0752,0.0864,,,,,,True,False
TRIP046,20,0.0519,0.6359,,,,,,True,False
TRIP046,30,0.0196,0.3204,,,,,,True,False
TRIP046,40,0.0769,0.3772,,,,,,True,False
TRIP046,50,0.0077,0.0354,,,,,,True,False
TRIP046,60,0.0447,0.2327,,,,,,True,False
TRIP046,70,0.0348,0.0443,,,,,,True,False
TRIP046,80,0.0429,0.1418,,,,,,True,False
TRIP046,90,0.1580,4.9628,,,,,,True,False
TRIP046,100,0.0569,4.7692,,,,,,True,False
TRIP046,111,0.1242,0.1087,,,,,,True,False
TRIP046,120,0.0342,4.5768,,,,,,True,False
TRIP046,131,0.1531,5.6669,,,,,,True,False
TRIP046,140,0.0000,0.0000,,,,,,True,False
TRIP046,150,0.0000,0.0000,,,,,,True,False
TRIP046,161,0.0000,0.0000,,,,,,True,False
TRIP046,170,0.0000,0.0000,,,,,,True,False
TRIP046,181,0.0000,0.0000,,,,,,True,False
TRIP046,190,0.0000,0.0000,,,,,,True,False
TRIP046,200,0.0000,0.0000,,,,,,True,False
TRIP046,211,0.0000,0.0000,,,,,,True,False
TRIP046,220,0.0000,0.0000,,,,,,True,False
TRIP046,230,0.0000,0.0000,,,,,,True,False
TRIP046,240,0.0000,0.0000,,,,,,True,False
TRIP046,250,0.0000,0.0000,,,,,,True,False
TRIP046,260,0.0000,0.0000,,,,,,True,False
TRIP046,270,0.0000,0.0000,,,,,,True,False
TRIP046,281,0.0000,0.0000,,,,,,True,False
TRIP046,290,0.0000,0.0000,,,,,,True,False
TRIP046,300,0.0000,0.0000,,,,,,True,False
TRIP046,311,0.0000,0.0000,,,,,,True,False
TRIP046,320,0.0000,0.0000,,,,,,True,False
TRIP046,331,0.0000,0.0000,,,,,,True,False
TRIP046,341,0.0000,0.0000,,,,,,True,False
TRIP046,350,0.0000,0.0000,,,,,,True,False
TRIP046,360,0.0000,0.0000,,,,,,True,False
TRIP046,370,0.0000,0.0000,,,,,,True,False
TRIP046,381,0.0000,0.0000,,,,,,True,False
TRIP046,391,0.0000,0.0000,,,,,,True,False
TRIP046,401,0.0000,0.0000,,,,,,True,False
TRIP046,411,0.0000,0.0000,,,,,,True,False
TRIP046,420,0.0000,0.0000,,,,,,True,False
TRIP046,430,0.0000,0.0000,,,,,,True,False
TRIP046,440,0.0000,0.0000,,,,,,True,False
TRIP046,450,0.0000,0.0000,,,,,,True,False
TRIP046,460,0.0000,0.0000,,,,,,True,False
TRIP046,470,0.0000,0.0000,,,,,,True,False
TRIP046,480,0.0000,0.0000,,,,,,True,False
TRIP046,490,0.0000,0.0000,,,,,,True,False
TRIP046,500,0.0000,0.0000,55.1000,0.0000,0.1200,normal,low,True,True
TRIP046,510,0.0000,0.0000,55.1000,0.0000,0.1200,normal,low,True,True
TRIP046,521,0.0000,0.0000,55.1000,0.0000,0.1200,normal,low,True,True
TRIP046,530,0.0000,0.0000,55.1000,0.0000,0.1200,normal,low,True,True
TRIP046,540,0.0000,0.0000,55.1000,0.0000,0.1200,normal,low,True,True
TRIP046,550,0.0000,0.0000,55.1000,0.0000,0.1200,normal,low,True,True
TRIP046,560,0.0000,0.0000,,,,,,True,False
TRIP046,570,0.0000,0.0000,,,,,,True,False
TRIP046,580,0.0000,0.0000,,,,,,True,False
TRIP046,590,0.0000,0.0000,,,,,,True,False
TRIP046,600,0.0000,0.0000,,,,,,True,False
TRIP046,611,0.0000,0.0000,,,,,,True,False
TRIP046,620,0.0000,0.0000,,,,,,True,False
TRIP046,630,0.0000,0.0000,,,,,,True,False
TRIP046,640,0.0000,0.0000,,,,,,True,False
TRIP046,650,0.0000,0.0000,,,,,,True,False
TRIP046,660,0.0000,0.0000,,,,,,True,False
TRIP046,671,0.0000,0.0000,,,,,,True,False
TRIP046,680,0.0000,0.0000,,,,,,True,False
TRIP046,690,0.0000,0.0000,,,,,,True,False
TRIP046,700,0.0000,0.0000,,,,,,True,False
TRIP046,710,0.0000,0.0000,,,,,,True,False
TRIP046,721,0.0000,0.0000,,,,,,True,False
TRIP046,730,0.0000,0.0000,,,,,,True,False
TRIP046,740,0.0000,0.0000,,,,,,True,False
TRIP046,751,0.0000,0.0000,,,,,,True,False
TRIP046,760,0.0000,0.0000,,,,,,True,False
TRIP046,770,0.0000,0.0000,,,,,,True,False
TRIP046,781,0.0000,0.0000,,,,,,True,False
TRIP046,790,0.0000,0.0000,,,,,,True,False
TRIP046,800,0.0000,0.0000,,,,,,True,False
TRIP046,810,0.0000,0.0000,,,,,,True,False
TRIP046,820,0.0000,0.0000,,,,,,True,False
TRIP046,830,0.0000,0.0000,,,,,,True,False
TRIP046,840,0.0000,0.0000,,,,,,True,False
TRIP046,851,0.0000,0.0000,,,,,,True,False
TRIP046,860,0.0000,0.0000,,,,,,True,False
TRIP046,870,0.0000,0.0000,,,,,,True,False
TRIP046,881,0.0000,0.0000,,,,,,True,False
TRIP046,890,0.0000,0.0000,,,,,,True,False
TRIP046,900,0.0000,0.0000,53.9000,0.0000,0.1100,normal,low,True,True
TRIP046,911,0.0000,0.0000,53.9000,0.0000,0.1100,normal,low,True,True
TRIP046,920,0.0000,0.0000,53.9000,0.0000,0.1100,normal,low,True,True
TRIP046,930,0.0000,0.0000,53.9000,0.0000,0.1100,normal,low,True,True
TRIP046,941,0.0000,0.0000,53.9000,0.0000,0.1100,normal,low,True,True
TRIP046,950,0.0000,0.0000,53.9000,0.0000,0.1100,normal,low,True,True
TRIP046,960,0.0000,0.0000,,,,,,True,False
TRIP046,970,0.0000,0.0000,,,,,,True,False
TRIP046,981,0.0000,0.0000,,,,,,True,False
TRIP046,990,0.0000,0.0000,,,,,,True,False
TRIP046,1000,0.0000,0.0000,,,,,,True,False
TRIP046,1010,0.0000,0.0000,,,,,,True,False
TRIP046,1020,0.0000,0.0000,,,,,,True,False
TRIP046,1030,0.0000,0.0000,,,,,,True,False
TRIP047,0,0.0000,0.0000,,,,,,True,False
TRIP047,10,0.0415,5.6913,,,,,,True,False
TRIP047,20,0.3080,5.5441,,,,,,True,False
TRIP047,30,0.1941,0.1770,,,,,,True,False
TRIP047,40,0.0466,0.3327,,,,,,True,False
TRIP047,50,0.1061,0.0664,,,,,,True,False
TRIP047,60,0.0204,0.2152,,,,,,True,False
TRIP047,70,0.0676,0.7482,,,,,,True,False
TRIP047,80,0.0257,0.0298,,,,,,True,False
TRIP047,90,0.1635,4.9750,,,,,,True,False
TRIP047,100,0.0956,5.9216,,,,,,True,False
TRIP047,110,0.0326,5.5655,,,,,,True,False
TRIP047,120,0.0870,5.4186,,,,,,True,False
TRIP047,130,0.0494,0.0078,,,,,,True,False
TRIP047,140,0.0000,0.0000,,,,,,True,False
TRIP047,150,0.0000,0.0000,,,,,,True,False
TRIP047,160,0.0000,0.0000,,,,,,True,False
TRIP047,170,0.0000,0.0000,,,,,,True,False
TRIP047,180,0.0000,0.0000,,,,,,True,False
TRIP047,190,0.0000,0.0000,,,,,,True,False
TRIP047,200,0.0000,0.0000,,,,,,True,False
TRIP047,210,0.0000,0.0000,,,,,,True,False
TRIP047,220,0.0000,0.0000,,,,,,True,False
TRIP047,230,0.0000,0.0000,,,,,,True,False
TRIP047,240,0.0000,0.0000,,,,,,True,False
TRIP047,250,0.0000,0.0000,,,,,,True,False
TRIP047,260,0.0000,0.0000,,,,,,True,False
TRIP047,270,0.0000,0.0000,,,,,,True,False
TRIP047,280,0.0000,0.0000,,,,,,True,False
TRIP047,290,0.0000,0.0000,78.4000,59.7000,0.3300,very_loud,medium,True,True
TRIP047,300,0.0000,0.0000,78.4000,59.7000,0.3300,very_loud,medium,True,True
TRIP047,310,0.0000,0.0000,78.4000,59.7000,0.3300,very_loud,medium,True,True
TRIP047,320,0.0000,0.0000,78.4000,59.7000,0.3300,very_loud,medium,True,True
TRIP047,330,0.0000,0.0000,78.4000,59.7000,0.3300,very_loud,medium,True,True
TRIP047,340,0.0000,0.0000,78.4000,59.7000,0.3300,very_loud,medium,True,True
TRIP047,350,0.0000,0.0000,72.1000,0.0000,0.4300,edge_phone_notif,low,True,True
TRIP047,360,0.0000,0.0000,72.1000,0.0000,0.4300,edge_phone_notif,low,True,True
TRIP047,370,0.0000,0.0000,72.1000,0.0000,0.4300,edge_phone_notif,low,True,True
TRIP047,380,0.0000,0.0000,72.1000,0.0000,0.4300,edge_phone_notif,low,True,True
TRIP047,390,0.0000,0.0000,72.1000,0.0000,0.4300,edge_phone_notif,low,True,True
TRIP047,400,0.0000,0.0000,72.1000,0.0000,0.4300,edge_phone_notif,low,True,True
TRIP047,410,0.0000,0.0000,,,,,,True,False
TRIP047,420,0.0000,0.0000,,,,,,True,False
TRIP047,430,0.0000,0.0000,,,,,,True,False
TRIP047,440,0.0000,0.0000,,,,,,True,False
TRIP047,450,0.0000,0.0000,,,,,,True,False
TRIP047,460,0.0000,0.0000,,,,,,True,False
TRIP047,470,0.0000,0.0000,,,,,,True,False
TRIP047,480,0.0000,0.0000,,,,,,True,False
TRIP047,490,0.0000,0.0000,,,,,,True,False
TRIP047,500,0.0000,0.0000,,,,,,True,False
TRIP047,510,0.0000,0.0000,,,,,,True,False
TRIP047,520,0.0000,0.0000,,,,,,True,False
TRIP047,530,0.0000,0.0000,,,,,,True,False
TRIP047,540,0.0000,0.0000,,,,,,True,False
TRIP047,550,0.0000,0.0000,,,,,,True,False
TRIP047,560,0.0000,0.0000,,,,,,True,False
TRIP047,570,0.0000,0.0000,,,,,,True,False
TRIP047,580,0.0000,0.0000,,,,,,True,False
TRIP047,590,0.0000,0.0000,50.3000,0.0000,0.0800,quiet,low,True,True
TRIP047,600,0.0000,0.0000,50.3000,0.0000,0.0800,quiet,low,True,True
TRIP047,610,0.0000,0.0000,50.3000,0.0000,0.0800,quiet,low,True,True
TRIP047,620,0.0000,0.0000,50.3000,0.0000,0.0800,quiet,low,True,True
TRIP047,630,0.0000,0.0000,50.3000,0.0000,0.0800,quiet,low,True,True
TRIP047,640,0.0000,0.0000,50.3000,0.0000,0.0800,quiet,low,True,True
TRIP047,650,0.0000,0.0000,,,,,,True,False
TRIP047,660,0.0000,0.0000,,,,,,True,False
TRIP047,670,0.0000,0.0000,,,,,,True,False
TRIP047,680,0.0000,0.0000,,,,,,True,False
TRIP047,690,0.0000,0.0000,81.4000,56.4000,0.3100,argument,medium,True,True
TRIP047,700,0.0000,0.0000,81.4000,56.4000,0.3100,argument,medium,True,True
TRIP047,710,0.0000,0.0000,81.4000,56.4000,0.3100,argument,medium,True,True
TRIP047,720,0.0000,0.0000,81.4000,56.4000,0.3100,argument,medium,True,True
TRIP047,730,0.0000,0.0000,81.4000,56.4000,0.3100,argument,medium,True,True
TRIP047,740,0.0000,0.0000,81.4000,56.4000,0.3100,argument,medium,True,True
TRIP047,750,0.0000,0.0000,,,,,,True,False
TRIP047,760,0.0000,0.0000,,,,,,True,False
TRIP047,770,0.0000,0.0000,,,,,,True,False
TRIP047,780,0.0000,0.0000,,,,,,True,False
TRIP047,790,0.0000,0.0000,,,,,,True,False
TRIP047,800,0.0000,0.0000,,,,,,True,False
TRIP047,810,0.0000,0.0000,75.6000,82.1000,0.4600,very_loud,medium,True,True
TRIP047,820,0.0000,0.0000,75.6000,82.1000,0.4600,very_loud,medium,True,True
TRIP047,830,0.0000,0.0000,75.6000,82.1000,0.4600,very_loud,medium,True,True
TRIP047,840,0.0000,0.0000,75.6000,82.1000,0.4600,very_loud,medium,True,True
TRIP047,850,0.0000,0.0000,75.6000,82.1000,0.4600,very_loud,medium,True,True
TRIP047,860,0.0000,0.0000,75.6000,82.1000,0.4600,very_loud,medium,True,True
TRIP047,870,0.0000,0.0000,,,,,,True,False
TRIP047,880,0.0000,0.0000,,,,,,True,False
TRIP047,890,0.0000,0.0000,,,,,,True,False
TRIP047,900,0.0000,0.0000,,,,,,True,False
TRIP047,910,0.0000,0.0000,,,,,,True,False
TRIP047,920,0.0000,0.0000,,,,,,True,False
TRIP047,930,0.0000,0.0000,,,,,,True,False
TRIP047,940,0.0000,0.0000,,,,,,True,False
TRIP047,950,0.0000,0.0000,,,,,,True,False
TRIP047,960,0.0000,0.0000,,,,,,True,False
TRIP047,970,0.0000,0.0000,,,,,,True,False
TRIP047,980,0.0000,0.0000,,,,,,True,False
TRIP047,990,0.0000,0.0000,,,,,,True,False
TRIP047,1000,0.0000,0.0000,,,,,,True,False
TRIP048,0,0.0000,0.0000,,,,,,True,False
TRIP048,10,0.4164,4.7917,,,,,,True,False
TRIP048,20,0.0103,0.5850,,,,,,True,False
TRIP048,30,0.0460,0.6925,,,,,,True,False
TRIP048,40,0.1323,0.0102,,,,,,True,False
TRIP048,50,0.0313,0.9991,,,,,,True,False
TRIP048,60,0.0805,0.0142,,,,,,True,False
TRIP048,70,0.0875,0.2538,,,,,,True,False
TRIP048,80,0.0127,1.0909,,,,,,True,False
TRIP048,90,0.0191,0.0144,,,,,,True,False
TRIP048,100,0.0457,3.0772,,,,,,True,False
TRIP048,110,0.0266,2.0852,,,,,,True,False
TRIP048,120,0.0230,0.2770,,,,,,True,False
TRIP048,130,0.0619,0.2071,,,,,,True,False
TRIP048,140,0.0196,0.4585,59.4000,0.0000,0.1700,normal,low,True,True
TRIP048,150,0.0000,0.0000,59.4000,0.0000,0.1700,normal,low,True,True
TRIP048,160,0.0000,0.0000,59.4000,0.0000,0.1700,normal,low,True,True
TRIP048,170,0.0000,0.0000,59.4000,0.0000,0.1700,normal,low,True,True
TRIP048,180,0.0000,0.0000,59.4000,0.0000,0.1700,normal,low,True,True
TRIP048,190,0.0000,0.0000,59.4000,0.0000,0.1700,normal,low,True,True
TRIP048,200,0.0000,0.0000,,,,,,True,False
TRIP048,210,0.0000,0.0000,,,,,,True,False
TRIP048,220,0.0000,0.0000,,,,,,True,False
TRIP048,230,0.0000,0.0000,,,,,,True,False
TRIP048,240,0.0000,0.0000,,,,,,True,False
TRIP048,250,0.0000,0.0000,,,,,,True,False
TRIP048,260,0.0000,0.0000,,,,,,True,False
TRIP048,270,0.0000,0.0000,,,,,,True,False
TRIP048,280,0.0000,0.0000,,,,,,True,False
TRIP048,290,0.0000,0.0000,,,,,,True,False
TRIP048,300,0.0000,0.0000,,,,,,True,False
TRIP048,310,0.0000,0.0000,,,,,,True,False
TRIP048,320,0.0000,0.0000,,,,,,True,False
TRIP048,330,0.0000,0.0000,,,,,,True,False
TRIP048,340,0.0000,0.0000,,,,,,True,False
TRIP048,350,0.0000,0.0000,,,,,,True,False
TRIP048,360,0.0000,0.0000,,,,,,True,False
TRIP048,370,0.0000,0.0000,,,,,,True,False
TRIP048,380,0.0000,0.0000,,,,,,True,False
TRIP048,390,0.0000,0.0000,,,,,,True,False
TRIP048,400,0.0000,0.0000,,,,,,True,False
TRIP048,410,0.0000,0.0000,,,,,,True,False
TRIP048,420,0.0000,0.0000,,,,,,True,False
TRIP048,430,0.0000,0.0000,,,,,,True,False
TRIP048,440,0.0000,0.0000,,,,,,True,False
TRIP048,450,0.0000,0.0000,,,,,,True,False
TRIP048,460,0.0000,0.0000,,,,,,True,False
TRIP048,470,0.0000,0.0000,,,,,,True,False
TRIP048,480,0.0000,0.0000,,,,,,True,False
TRIP048,490,0.0000,0.0000,,,,,,True,False
TRIP048,500,0.0000,0.0000,,,,,,True,False
TRIP048,510,0.0000,0.0000,,,,,,True,False
TRIP048,520,0.0000,0.0000,,,,,,True,False
TRIP048,530,0.0000,0.0000,,,,,,True,False
TRIP048,540,0.0000,0.0000,,,,,,True,False
TRIP048,550,0.0000,0.0000,,,,,,True,False
TRIP048,560,0.0000,0.0000,,,,,,True,False
TRIP048,570,0.0000,0.0000,,,,,,True,False
TRIP048,580,0.0000,0.0000,,,,,,True,False
TRIP048,590,0.0000,0.0000,,,,,,True,False
TRIP048,600,0.0000,0.0000,,,,,,True,False
TRIP048,610,0.0000,0.0000,,,,,,True,False
TRIP048,620,0.0000,0.0000,,,,,,True,False
TRIP048,630,0.0000,0.0000,,,,,,True,False
TRIP048,640,0.0000,0.0000,,,,,,True,False
TRIP048,650,0.0000,0.0000,,,,,,True,False
TRIP048,660,0.0000,0.0000,,,,,,True,False
TRIP048,670,0.0000,0.0000,,,,,,True,False
TRIP048,680,0.0000,0.0000,,,,,,True,False
TRIP048,690,0.0000,0.0000,,,,,,True,False
TRIP048,700,0.0000,0.0000,,,,,,True,False
TRIP048,710,0.0000,0.0000,,,,,,True,False
TRIP048,720,0.0000,0.0000,,,,,,True,False
TRIP048,730,0.0000,0.0000,,,,,,True,False
TRIP048,740,0.0000,0.0000,,,,,,True,False
TRIP048,750,0.0000,0.0000,,,,,,True,False
TRIP048,760,0.0000,0.0000,46.9000,0.0000,0.0600,quiet,low,True,True
TRIP048,770,0.0000,0.0000,46.9000,0.0000,0.0600,quiet,low,True,True
TRIP048,780,0.0000,0.0000,46.9000,0.0000,0.0600,quiet,low,True,True
TRIP048,790,0.0000,0.0000,46.9000,0.0000,0.0600,quiet,low,True,True
TRIP048,800,0.0000,0.0000,46.9000,0.0000,0.0600,quiet,low,True,True
TRIP048,810,0.0000,0.0000,46.9000,0.0000,0.0600,quiet,low,True,True
TRIP048,820,0.0000,0.0000,,,,,,True,False
TRIP048,830,0.0000,0.0000,,,,,,True,False
TRIP048,840,0.0000,0.0000,,,,,,True,False
TRIP048,850,0.0000,0.0000,,,,,,True,False
TRIP048,860,0.0000,0.0000,,,,,,True,False
TRIP048,870,0.0000,0.0000,,,,,,True,False
TRIP048,880,0.0000,0.0000,,,,,,True,False
TRIP048,890,0.0000,0.0000,,,,,,True,False
TRIP048,900,0.0000,0.0000,,,,,,True,False
TRIP048,910,0.0000,0.0000,,,,,,True,False
TRIP048,920,0.0000,0.0000,,,,,,True,False
TRIP048,930,0.0000,0.0000,,,,,,True,False
TRIP048,940,0.0000,0.0000,,,,,,True,False
TRIP048,950,0.0000,0.0000,,,,,,True,False
TRIP048,960,0.0000,0.0000,,,,,,True,False
TRIP048,970,0.0000,0.0000,,,,,,True,False
TRIP048,980,0.0000,0.0000,,,,,,True,False
TRIP048,990,0.0000,0.0000,,,,,,True,False
TRIP048,1000,0.0000,0.0000,,,,,,True,False
TRIP048,1010,0.0000,0.0000,,,,,,True,False
TRIP048,1020,0.0000,0.0000,,,,,,True,False
TRIP048,1030,0.0000,0.0000,,,,,,True,False
TRIP048,1040,0.0000,0.0000,,,,,,True,False
TRIP048,1055,0.0000,0.0000,,,,,,True,False
TRIP048,1061,0.0000,0.0000,,,,,,True,False
TRIP049,0,0.0000,0.0000,,,,,,True,False
TRIP049,10,0.0866,0.1221,,,,,,True,False
TRIP049,20,0.0430,0.2708,,,,,,True,False
TRIP049,30,0.1453,0.2424,,,,,,True,False
TRIP049,40,0.0824,0.3146,,,,,,True,False
TRIP049,50,0.3986,0.0774,,,,,,True,False
TRIP049,60,0.1766,0.4428,,,,,,True,False
TRIP049,70,0.0017,0.4030,,,,,,True,False
TRIP049,80,0.0827,0.2127,55.3000,0.0000,0.1200,quiet,low,True,True
TRIP049,90,0.1135,0.0987,55.3000,0.0000,0.1200,quiet,low,True,True
TRIP049,100,0.0772,1.0271,55.3000,0.0000,0.1200,quiet,low,True,True
TRIP049,110,0.0710,1.0949,55.3000,0.0000,0.1200,quiet,low,True,True
TRIP049,120,0.0503,1.2565,55.3000,0.0000,0.1200,quiet,low,True,True
TRIP049,130,0.0048,0.3843,55.3000,0.0000,0.1200,quiet,low,True,True
TRIP049,140,0.0000,0.0000,,,,,,True,False
TRIP049,150,0.0000,0.0000,,,,,,True,False
TRIP049,160,0.0000,0.0000,,,,,,True,False
TRIP049,170,0.0000,0.0000,,,,,,True,False
TRIP049,180,0.0000,0.0000,,,,,,True,False
TRIP049,190,0.0000,0.0000,,,,,,True,False
TRIP049,200,0.0000,0.0000,,,,,,True,False
TRIP049,210,0.0000,0.0000,,,,,,True,False
TRIP049,220,0.0000,0.0000,,,,,,True,False
TRIP049,230,0.0000,0.0000,,,,,,True,False
TRIP049,240,0.0000,0.0000,,,,,,True,False
TRIP049,250,0.0000,0.0000,,,,,,True,False
TRIP049,260,0.0000,0.0000,,,,,,True,False
TRIP049,270,0.0000,0.0000,,,,,,True,False
TRIP049,280,0.0000,0.0000,,,,,,True,False
TRIP049,290,0.0000,0.0000,,,,,,True,False
TRIP049,300,0.0000,0.0000,,,,,,True,False
TRIP049,310,0.0000,0.0000,,,,,,True,False
TRIP049,320,0.0000,0.0000,,,,,,True,False
TRIP049,330,0.0000,0.0000,,,,,,True,False
TRIP049,340,0.0000,0.0000,,,,,,True,False
TRIP049,350,0.0000,0.0000,,,,,,True,False
TRIP049,360,0.0000,0.0000,,,,,,True,False
TRIP049,370,0.0000,0.0000,,,,,,True,False
TRIP049,380,0.0000,0.0000,,,,,,True,False
TRIP049,390,0.0000,0.0000,,,,,,True,False
TRIP049,400,0.0000,0.0000,,,,,,True,False
TRIP049,410,0.0000,0.0000,,,,,,True,False
TRIP049,420,0.0000,0.0000,,,,,,True,False
TRIP049,430,0.0000,0.0000,,,,,,True,False
TRIP049,440,0.0000,0.0000,,,,,,True,False
TRIP049,450,0.0000,0.0000,,,,,,True,False
TRIP049,460,0.0000,0.0000,,,,,,True,False
TRIP049,470,0.0000,0.0000,,,,,,True,False
TRIP049,480,0.0000,0.0000,,,,,,True,False
TRIP049,490,0.0000,0.0000,,,,,,True,False
TRIP049,500,0.0000,0.0000,,,,,,True,False
TRIP049,510,0.0000,0.0000,,,,,,True,False
TRIP049,520,0.0000,0.0000,,,,,,True,False
TRIP049,530,0.0000,0.0000,,,,,,True,False
TRIP049,540,0.0000,0.0000,,,,,,True,False
TRIP049,550,0.0000,0.0000,45.0000,0.0000,0.0500,quiet,low,True,True
TRIP049,560,0.0000,0.0000,45.0000,0.0000,0.0500,quiet,low,True,True
TRIP049,570,0.0000,0.0000,45.0000,0.0000,0.0500,quiet,low,True,True
TRIP049,580,0.0000,0.0000,45.0000,0.0000,0.0500,quiet,low,True,True
TRIP049,590,0.0000,0.0000,45.0000,0.0000,0.0500,quiet,low,True,True
TRIP049,600,0.0000,0.0000,45.0000,0.0000,0.0500,quiet,low,True,True
TRIP049,610,0.0000,0.0000,,,,,,True,False
TRIP049,620,0.0000,0.0000,,,,,,True,False
TRIP049,630,0.0000,0.0000,,,,,,True,False
TRIP049,640,0.0000,0.0000,,,,,,True,False
TRIP049,650,0.0000,0.0000,,,,,,True,False
TRIP049,660,0.0000,0.0000,,,,,,True,False
TRIP049,670,0.0000,0.0000,,,,,,True,False
TRIP049,680,0.0000,0.0000,,,,,,True,False
TRIP049,690,0.0000,0.0000,,,,,,True,False
TRIP049,700,0.0000,0.0000,,,,,,True,False
TRIP049,710,0.0000,0.0000,,,,,,True,False
TRIP049,720,0.0000,0.0000,,,,,,True,False
TRIP049,730,0.0000,0.0000,,,,,,True,False
TRIP049,740,0.0000,0.0000,,,,,,True,False
TRIP049,750,0.0000,0.0000,,,,,,True,False
TRIP049,760,0.0000,0.0000,,,,,,True,False
TRIP049,770,0.0000,0.0000,,,,,,True,False
TRIP049,780,0.0000,0.0000,,,,,,True,False
TRIP049,790,0.0000,0.0000,,,,,,True,False
TRIP049,800,0.0000,0.0000,,,,,,True,False
TRIP049,810,0.0000,0.0000,79.1000,180.0000,1.0000,very_loud,high,True,True
TRIP049,820,0.0000,0.0000,79.1000,180.0000,1.0000,very_loud,high,True,True
TRIP049,830,0.0000,0.0000,79.1000,180.0000,1.0000,very_loud,high,True,True
TRIP049,840,0.0000,0.0000,79.1000,180.0000,1.0000,very_loud,high,True,True
TRIP049,850,0.0000,0.0000,79.1000,180.0000,1.0000,very_loud,high,True,True
TRIP049,860,0.0000,0.0000,87.3000,0.0000,0.7700,argument,medium,True,True
TRIP049,870,0.0000,0.0000,87.3000,0.0000,0.7700,argument,medium,True,True
TRIP049,880,0.0000,0.0000,87.3000,0.0000,0.7700,argument,medium,True,True
TRIP049,890,0.0000,0.0000,87.3000,0.0000,0.7700,argument,medium,True,True
TRIP049,900,0.0000,0.0000,73.8000,0.0000,0.4700,loud,low,True,True
TRIP049,910,0.0000,0.0000,73.8000,0.0000,0.4700,loud,low,True,True
TRIP049,920,0.0000,0.0000,64.8000,0.0000,0.2700,edge_tire_rumble,low,True,True
TRIP049,930,0.0000,0.0000,64.8000,0.0000,0.2700,edge_tire_rumble,low,True,True
TRIP049,940,0.0000,0.0000,64.8000,0.0000,0.2700,edge_tire_rumble,low,True,True
TRIP049,950,0.0000,0.0000,64.8000,0.0000,0.2700,edge_tire_rumble,low,True,True
TRIP049,960,0.0000,0.0000,,,,,,True,False
TRIP049,970,0.0000,0.0000,,,,,,True,False
TRIP049,980,0.0000,0.0000,,,,,,True,False
TRIP049,990,0.0000,0.0000,,,,,,True,False
TRIP049,1000,0.0000,0.0000,,,,,,True,False
TRIP049,1010,0.0000,0.0000,,,,,,True,False
TRIP049,1020,0.0000,0.0000,,,,,,True,False
TRIP049,1030,0.0000,0.0000,,,,,,True,False
TRIP049,1040,0.0000,0.0000,,,,,,True,False
TRIP049,1050,0.0000,0.0000,,,,,,True,False
TRIP049,1060,0.0000,0.0000,,,,,,True,False
TRIP049,1070,0.0000,0.0000,,,,,,True,False
TRIP049,1080,0.0000,0.0000,,,,,,True,False
TRIP049,1090,0.0000,0.0000,,,,,,True,False
TRIP049,1100,0.0000,0.0000,,,,,,True,False
TRIP049,1110,0.0000,0.0000,79.7000,138.8000,0.7700,edge_loud_music,high,True,True
TRIP049,1120,0.0000,0.0000,79.7000,138.8000,0.7700,edge_loud_music,high,True,True
TRIP049,1130,0.0000,0.0000,79.7000,138.8000,0.7700,edge_loud_music,high,True,True
TRIP049,1140,0.0000,0.0000,79.7000,138.8000,0.7700,edge_loud_music,high,True,True
TRIP049,1150,0.0000,0.0000,50.9000,0.0000,0.0800,quiet,low,True,True
TRIP049,1160,0.0000,0.0000,50.9000,0.0000,0.0800,quiet,low,True,True
TRIP049,1170,0.0000,0.0000,50.9000,0.0000,0.0800,quiet,low,True,True
TRIP049,1180,0.0000,0.0000,51.7000,0.0000,0.0900,quiet,low,True,True
TRIP049,1190,0.0000,0.0000,51.7000,0.0000,0.0900,quiet,low,True,True
TRIP049,1200,0.0000,0.0000,51.7000,0.0000,0.0900,quiet,low,True,True
TRIP049,1210,0.0000,0.0000,51.7000,0.0000,0.0900,quiet,low,True,True
TRIP049,1220,0.0000,0.0000,51.7000,0.0000,0.0900,quiet,low,True,True
TRIP049,1230,0.0000,0.0000,84.4000,0.0000,0.7200,loud,medium,True,True
TRIP049,1240,0.0000,0.0000,84.4000,0.0000,0.7200,loud,medium,True,True
TRIP049,1250,0.0000,0.0000,84.4000,0.0000,0.7200,loud,medium,True,True
TRIP049,1260,0.0000,0.0000,84.4000,0.0000,0.7200,loud,medium,True,True
TRIP049,1270,0.0000,0.0000,84.4000,0.0000,0.7200,loud,medium,True,True
TRIP049,1280,0.0000,0.0000,,,,,,True,False
TRIP049,1290,0.0000,0.0000,,,,,,True,False
TRIP049,1300,0.0000,0.0000,,,,,,True,False
TRIP049,1310,0.0000,0.0000,,,,,,True,False
TRIP049,1320,0.0000,0.0000,,,,,,True,False
TRIP049,1330,0.0000,0.0000,,,,,,True,False
TRIP049,1340,0.0000,0.0000,,,,,,True,False
TRIP049,1350,0.0000,0.0000,,,,,,True,False
TRIP049,1360,0.0000,0.0000,,,,,,True,False
TRIP049,1370,0.0000,0.0000,,,,,,True,False
TRIP049,1380,0.0000,0.0000,,,,,,True,False
TRIP049,1390,0.0000,0.0000,,,,,,True,False
TRIP049,1400,0.0000,0.0000,,,,,,True,False
TRIP049,1410,0.0000,0.0000,,,,,,True,False
TRIP049,1420,0.0000,0.0000,,,,,,True,False
TRIP049,1430,0.0000,0.0000,,,,,,True,False
TRIP049,1440,0.0000,0.0000,,,,,,True,False
TRIP049,1450,0.0000,0.0000,,,,,,True,False
TRIP049,1460,0.0000,0.0000,,,,,,True,False
TRIP049,1470,0.0000,0.0000,,,,,,True,False
TRIP049,1480,0.0000,0.0000,,,,,,True,False
TRIP049,1490,0.0000,0.0000,,,,,,True,False
TRIP049,1500,0.0000,0.0000,,,,,,True,False
TRIP049,1510,0.0000,0.0000,,,,,,True,False
TRIP049,1520,0.0000,0.0000,,,,,,True,False
TRIP049,1530,0.0000,0.0000,,,,,,True,False
TRIP049,1540,0.0000,0.0000,,,,,,True,False
TRIP049,1550,0.0000,0.0000,,,,,,True,False
TRIP049,1560,0.0000,0.0000,,,,,,True,False
TRIP049,1570,0.0000,0.0000,,,,,,True,False
TRIP049,1580,0.0000,0.0000,,,,,,True,False
TRIP049,1590,0.0000,0.0000,65.6000,107.9000,0.6000,edge_tire_rumble,high,True,True
TRIP049,1600,0.0000,0.0000,65.6000,107.9000,0.6000,edge_tire_rumble,high,True,True
TRIP049,1610,0.0000,0.0000,65.6000,107.9000,0.6000,edge_tire_rumble,high,True,True
TRIP049,1620,0.0000,0.0000,65.6000,107.9000,0.6000,edge_tire_rumble,high,True,True
TRIP049,1630,0.0000,0.0000,65.6000,107.9000,0.6000,edge_tire_rumble,high,True,True
TRIP049,1640,0.0000,0.0000,65.6000,107.9000,0.6000,edge_tire_rumble,high,True,True
TRIP049,1650,0.0000,0.0000,,,,,,True,False
TRIP049,1660,0.0000,0.0000,,,,,,True,False
TRIP049,1670,0.0000,0.0000,,,,,,True,False
TRIP049,1680,0.0000,0.0000,,,,,,True,False
TRIP049,1690,0.0000,0.0000,,,,,,True,False
TRIP049,1700,0.0000,0.0000,,,,,,True,False
TRIP049,1710,0.0000,0.0000,,,,,,True,False
TRIP049,1720,0.0000,0.0000,,,,,,True,False
TRIP049,1730,0.0000,0.0000,,,,,,True,False
TRIP049,1740,0.0000,0.0000,79.7000,180.0000,1.0000,very_loud,high,True,True
TRIP049,1750,0.0000,0.0000,79.7000,180.0000,1.0000,very_loud,high,True,True
TRIP049,1760,0.0000,0.0000,79.7000,180.0000,1.0000,very_loud,high,True,True
TRIP049,1770,0.1270,4.7046,79.7000,180.0000,1.0000,very_loud,high,True,True
TRIP050,550,,,62.8000,0.0000,0.2300,normal,low,False,True
TRIP050,599,,,84.9000,28.1000,0.1600,edge_baby_crying,medium,False,True
TRIP050,799,,,73.5000,120.0000,0.6700,edge_radio_talk,high,False,True
TRIP050,836,,,45.0000,0.0000,0.0500,quiet,low,False,True
TRIP050,979,,,65.5000,0.0000,0.2800,conversation,low,False,True
TRIP050,1022,,,51.2000,0.0000,0.0800,quiet,low,False,True
TRIP050,1059,,,45.0000,0.0000,0.0500,quiet,low,False,True
TRIP050,1694,,,85.8000,22.3000,0.1200,edge_laughter,medium,False,True
TRIP050,2108,,,81.9000,39.7000,0.2200,very_loud,medium,False,True
TRIP050,2143,,,47.3000,0.0000,0.0600,quiet,low,False,True
TRIP050,2307,,,51.6000,0.0000,0.0900,quiet,low,False,True
TRIP050,2322,,,75.3000,80.7000,0.4500,very_loud,medium,False,True
TRIP050,2612,,,48.1000,0.0000,0.0600,quiet,low,False,True
TRIP050,2726,,,81.6000,77.6000,0.4300,very_loud,medium,False,True
TRIP050,2853,,,72.0000,0.0000,0.4300,conversation,low,False,True
TRIP050,3476,,,58.7000,0.0000,0.1600,normal,low,False,True
TRIP050,3574,,,71.7000,135.5000,0.7500,very_loud,high,False,True
TRIP050,3589,,,63.2000,0.0000,0.2300,normal,low,False,True
TRIP050,3706,,,73.1000,0.0000,0.4500,conversation,low,False,True
TRIP050,3900,,,79.0000,79.4000,0.4400,edge_wind_noise,medium,False,True
TRIP050,3956,,,70.9000,0.0000,0.4000,conversation,low,False,True
TRIP050,4160,,,71.0000,53.9000,0.3000,edge_radio_talk,medium,False,True
TRIP050,4263,,,69.1000,0.0000,0.3600,conversation,low,False,True
TRIP050,4268,,,67.7000,0.0000,0.3300,conversation,low,False,True
TRIP050,4339,,,83.2000,0.0000,0.6900,loud,medium,False,True
TRIP050,4987,,,47.4000,0.0000,0.0600,quiet,low,False,True
TRIP050,5012,,,45.2000,0.0000,0.0500,quiet,low,False,True
TRIP050,5016,,,45.0000,0.0000,0.0500,quiet,low,False,True
TRIP050,5407,,,46.1000,0.0000,0.0500,quiet,low,False,True
TRIP050,5707,,,45.0000,0.0000,0.0500,quiet,low,False,True
TRIP050,5897,,,62.5000,0.0000,0.2200,conversation,low,False,True
TRIP050,5912,,,63.7000,0.0000,0.2400,conversation,low,False,True
TRIP050,5914,,,51.3000,0.0000,0.0900,quiet,low,False,True
TRIP050,6424,,,64.1000,0.0000,0.2500,conversation,low,False,True
TRIP050,6899,,,68.9000,0.0000,0.3500,conversation,low,False,True
TRIP050,7010,,,68.2000,0.0000,0.3500,conversation,low,False,True
TRIP050,7258,,,70.0000,0.0000,0.3500,conversation,low,False,True
TRIP050,7406,,,71.2000,0.0000,0.3500,conversation,low,False,True
TRIP050,7530,,,69.9000,0.0000,0.3500,conversation,low,False,True
TRIP050,7781,,,69.5000,0.0000,0.3500,conversation,low,False,True
TRIP050,7912,,,69.3000,0.0000,0.3500,conversation,low,False,True
TRIP050,8161,,,68.9000,0.0000,0.3500,conversation,low,False,True
TRIP050,8300,,,67.7000,0.0000,0.3500,conversation,low,False,True
TRIP050,8362,,,68.0000,0.0000,0.3500,conversation,low,False,True
TRIP050,8487,,,67.5000,0.0000,0.3500,conversation,low,False,True
TRIP050,8617,,,67.3000,0.0000,0.3500,conversation,low,False,True
TRIP050,8781,,,68.0000,0.0000,0.3500,conversation,low,False,True
TRIP050,9061,,,68.1000,0.0000,0.3500,conversation,low,False,True
TRIP050,9251,,,68.5000,0.0000,0.3500,conversation,low,False,True
TRIP050,9481,,,68.8000,0.0000,0.3500,conversation,low,False,True
TRIP050,9689,,,68.2000,0.0000,0.3500,conversation,low,False,True
TRIP050,9953,,,68.7000,0.0000,0.3500,conversation,low,False,True
TRIP050,10135,,,70.4000,0.0000,0.3500,conversation,low,False,True
TRIP050,10208,,,71.1000,0.0000,0.3500,conversation,low,False,True
TRIP050,10398,,,69.6000,0.0000,0.3500,conversation,low,False,True
TRIP050,10584,,,68.1000,0.0000,0.3500,conversation,low,False,True
TRIP050,10805,,,68.9000,0.0000,0.3500,conversation,low,False,True
TRIP050,11096,,,68.5000,0.0000,0.3500,conversation,low,False,True
TRIP050,11196,,,68.8000,0.0000,0.3500,conversation,low,False,True
TRIP050,11442,,,67.5000,0.0000,0.3500,conversation,low,False,True
TRIP050,11560,,,67.7000,0.0000,0.3500,conversation,low,False,True
TRIP050,11840,,,66.9000,0.0000,0.3500,conversation,low,False,True
TRIP050,11965,,,66.2000,0.0000,0.3500,conversation,low,False,True
TRIP050,12225,,,66.7000,0.0000,0.3500,conversation,low,False,True
TRIP050,12438,,,68.5000,0.0000,0.3500,conversation,low,False,True
TRIP050,12716,,,67.0000,0.0000,0.3500,conversation,low,False,True
TRIP050,12942,,,68.9000,0.0000,0.3500,conversation,low,False,True
TRIP050,13230,,,69.5000,0.0000,0.3500,conversation,low,False,True
TRIP050,13469,,,70.2000,0.0000,0.3500,conversation,low,False,True
TRIP050,13711,,,71.0000,0.0000,0.3500,conversation,low,False,True
TRIP050,13968,,,71.0000,0.0000,0.3500,conversation,low,False,True
TRIP050,14040,,,71.3000,0.0000,0.3500,conversation,low,False,True
TRIP050,14182,,,70.5000,0.0000,0.3500,conversation,low,False,True
TRIP050,14352,,,69.4000,0.0000,0.3500,conversation,low,False,True
TRIP050,14529,,,68.1000,0.0000,0.3500,conversation,low,False,True
TRIP050,14793,,,68.4000,0.0000,0.3500,conversation,low,False,True
TRIP050,15076,,,68.6000,0.0000,0.3500,conversation,low,False,True
TRIP050,15163,,,68.9000,0.0000,0.3500,conversation,low,False,True
TRIP050,15330,,,70.0000,0.0000,0.3500,conversation,low,False,True
TRIP050,15547,,,70.2000,0.0000,0.3500,conversation,low,False,True
TRIP050,15598,,,71.2000,0.0000,0.3500,conversation,low,False,True
TRIP050,15853,,,71.4000,0.0000,0.3500,conversation,low,False,True
TRIP050,16100,,,69.8000,0.0000,0.3500,conversation,low,False,True
TRIP050,16256,,,69.0000,0.0000,0.3500,conversation,low,False,True
TRIP050,16302,,,68.8000,0.0000,0.3500,conversation,low,False,True
TRIP050,16510,,,70.2000,0.0000,0.3500,conversation,low,False,True
TRIP050,16584,,,70.0000,0.0000,0.3500,conversation,low,False,True
TRIP050,16674,,,71.1000,0.0000,0.3500,conversation,low,False,True
TRIP050,16825,,,69.9000,0.0000,0.3500,conversation,low,False,True
TRIP050,17034,,,71.3000,0.0000,0.3500,conversation,low,False,True
TRIP050,17283,,,70.0000,0.0000,0.3500,conversation,low,False,True
TRIP050,17384,,,71.1000,0.0000,0.3500,conversation,low,False,True
TRIP050,17519,,,72.3000,0.0000,0.3500,conversation,low,False,True
TRIP050,17728,,,72.4000,0.0000,0.3500,conversation,low,False,True
TRIP050,17844,,,71.7000,0.0000,0.3500,conversation,low,False,True
TRIP050,18023,,,70.9000,0.0000,0.3500,conversation,low,False,True
TRIP050,18189,,,72.7000,0.0000,0.3500,conversation,low,False,True
TRIP050,18482,,,74.6000,0.0000,0.3500,conversation,low,False,True
TRIP050,18560,,,73.1000,0.0000,0.3500,conversation,low,False,True
TRIP050,18800,,,74.8000,0.0000,0.3500,conversation,low,False,True
TRIP050,18971,,,76.3000,0.0000,0.3500,conversation,low,False,True
TRIP050,19065,,,77.1000,0.0000,0.3500,conversation,low,False,True
TRIP050,19162,,,76.1000,0.0000,0.3500,conversation,low,False,True
TRIP050,19356,,,77.4000,0.0000,0.3500,conversation,low,False,True
TRIP050,19587,,,77.4000,0.0000,0.3500,conversation,low,False,True
TRIP050,19754,,,77.9000,0.0000,0.3500,conversation,low,False,True
TRIP050,19976,,,77.7000,0.0000,0.3500,conversation,low,False,True
TRIP050,20053,,,77.3000,0.0000,0.3500,conversation,low,False,True
TRIP050,20225,,,78.1000,0.0000,0.3500,conversation,low,False,True
TRIP050,20443,,,77.9000,0.0000,0.3500,conversation,low,False,True
TRIP050,20722,,,77.2000,0.0000,0.3500,conversation,low,False,True
TRIP050,20753,,,78.7000,0.0000,0.3500,conversation,low,False,True
TRIP050,20830,,,79.6000,0.0000,0.3500,conversation,low,False,True
TRIP050,21094,,,80.1000,0.0000,0.3500,conversation,low,False,True
TRIP050,21307,,,81.5000,0.0000,0.3500,conversation,low,False,True
TRIP050,21540,,,80.4000,0.0000,0.3500,conversation,low,False,True
TRIP050,21789,,,81.7000,0.0000,0.3500,conversation,low,False,True
TRIP050,22072,,,80.8000,0.0000,0.3500,conversation,low,False,True
TRIP050,22247,,,80.2000,0.0000,0.3500,conversation,low,False,True
TRIP050,22343,,,80.5000,0.0000,0.3500,conversation,low,False,True
TRIP050,22621,,,81.7000,0.0000,0.3500,conversation,low,False,True
TRIP050,22675,,,79.9000,0.0000,0.3500,conversation,low,False,True
TRIP050,22940,,,78.0000,0.0000,0.3500,conversation,low,False,True
TRIP050,23050,,,77.8000,0.0000,0.3500,conversation,low,False,True
TRIP050,23080,,,79.8000,0.0000,0.3500,conversation,low,False,True
TRIP050,23329,,,78.6000,0.0000,0.3500,conversation,low,False,True
TRIP050,23426,,,80.1000,0.0000,0.3500,conversation,low,False,True
TRIP050,23610,,,78.7000,0.0000,0.3500,conversation,low,False,True
TRIP050,23780,,,77.1000,0.0000,0.3500,conversation,low,False,True
TRIP050,23994,,,76.1000,0.0000,0.3500,conversation,low,False,True
TRIP050,24214,,,76.8000,0.0000,0.3500,conversation,low,False,True
TRIP050,24328,,,75.0000,0.0000,0.3500,conversation,low,False,True
TRIP050,24514,,,75.9000,0.0000,0.3500,conversation,low,False,True
TRIP050,24663,,,75.6000,0.0000,0.3500,conversation,low,False,True
TRIP050,24739,,,76.4000,0.0000,0.3500,conversation,low,False,True
TRIP050,24769,,,75.3000,0.0000,0.3500,conversation,low,False,True
TRIP050,24838,,,73.8000,0.0000,0.3500,conversation,low,False,True
TRIP050,24983,,,73.9000,0.0000,0.3500,conversation,low,False,True
TRIP050,25240,,,71.9000,0.0000,0.3500,conversation,low,False,True
TRIP050,25445,,,73.2000,0.0000,0.3500,conversation,low,False,True
TRIP050,25691,,,74.0000,0.0000,0.3500,conversation,low,False,True
TRIP050,25965,,,72.3000,0.0000,0.3500,conversation,low,False,True
TRIP050,26191,,,70.7000,0.0000,0.3500,conversation,low,False,True
TRIP050,26273,,,69.1000,0.0000,0.3500,conversation,low,False,True
TRIP050,26491,,,70.6000,0.0000,0.3500,conversation,low,False,True
TRIP050,26591,,,70.1000,0.0000,0.3500,conversation,low,False,True
TRIP050,26689,,,70.7000,0.0000,0.3500,conversation,low,False,True
TRIP050,26792,,,69.0000,0.0000,0.3500,conversation,low,False,True
TRIP050,26826,,,69.4000,0.0000,0.3500,conversation,low,False,True
TRIP050,26940,,,69.2000,0.0000,0.3500,conversation,low,False,True
TRIP050,27079,,,69.7000,0.0000,0.3500,conversation,low,False,True
TRIP050,27186,,,71.4000,0.0000,0.3500,conversation,low,False,True
TRIP050,27442,,,72.8000,0.0000,0.3500,conversation,low,False,True
TRIP050,27516,,,74.4000,0.0000,0.3500,conversation,low,False,True
TRIP050,27617,,,75.4000,0.0000,0.3500,conversation,low,False,True
TRIP050,27843,,,74.8000,0.0000,0.3500,conversation,low,False,True
TRIP050,28092,,,74.1000,0.0000,0.3500,conversation,low,False,True
TRIP050,28193,,,73.1000,0.0000,0.3500,conversation,low,False,True
TRIP050,28266,,,72.1000,0.0000,0.3500,conversation,low,False,True
TRIP050,28441,,,73.2000,0.0000,0.3500,conversation,low,False,True
TRIP050,28484,,,74.6000,0.0000,0.3500,conversation,low,False,True
TRIP050,28668,,,73.4000,0.0000,0.3500,conversation,low,False,True
TRIP050,28958,,,72.2000,0.0000,0.3500,conversation,low,False,True
TRIP050,29188,,,71.4000,0.0000,0.3500,conversation,low,False,True
TRIP050,29245,,,72.5000,0.0000,0.3500,conversation,low,False,True
TRIP050,29397,,,72.5000,0.0000,0.3500,conversation,low,False,True
TRIP050,29484,,,71.5000,0.0000,0.3500,conversation,low,False,True
TRIP050,29550,,,71.6000,0.0000,0.3500,conversation,low,False,True
TRIP050,29586,,,73.5000,0.0000,0.3500,conversation,low,False,True
TRIP050,29778,,,72.0000,0.0000,0.3500,conversation,low,False,True
TRIP050,30023,,,71.5000,0.0000,0.3500,conversation,low,False,True
TRIP050,30141,,,72.6000,0.0000,0.3500,conversation,low,False,True
TRIP050,30208,,,70.7000,0.0000,0.3500,conversation,low,False,True
TRIP050,30272,,,68.8000,0.0000,0.3500,conversation,low,False,True
TRIP050,30412,,,67.0000,0.0000,0.3500,conversation,low,False,True
TRIP050,30472,,,68.8000,0.0000,0.3500,conversation,low,False,True
TRIP050,30705,,,68.8000,0.0000,0.3500,conversation,low,False,True
TRIP050,30991,,,69.9000,0.0000,0.3500,conversation,low,False,True
TRIP050,31237,,,70.7000,0.0000,0.3500,conversation,low,False,True
TRIP050,31309,,,71.3000,0.0000,0.3500,conversation,low,False,True
TRIP050,31417,,,70.4000,0.0000,0.3500,conversation,low,False,True
TRIP050,31605,,,68.7000,0.0000,0.3500,conversation,low,False,True
TRIP050,31739,,,70.6000,0.0000,0.3500,conversation,low,False,True
TRIP050,31848,,,70.7000,0.0000,0.3500,conversation,low,False,True
TRIP050,32078,,,71.0000,0.0000,0.3500,conversation,low,False,True
TRIP050,32141,,,70.2000,0.0000,0.3500,conversation,low,False,True
TRIP050,32394,,,71.1000,0.0000,0.3500,conversation,low,False,True
TRIP050,32546,,,69.3000,0.0000,0.3500,conversation,low,False,True
TRIP050,32620,,,71.0000,0.0000,0.3500,conversation,low,False,True
TRIP050,32709,,,70.8000,0.0000,0.3500,conversation,low,False,True
TRIP050,32767,,,70.0000,0.0000,0.3500,conversation,low,False,True
TRIP050,32886,,,68.5000,0.0000,0.3500,conversation,low,False,True
TRIP050,32986,,,69.3000,0.0000,0.3500,conversation,low,False,True
TRIP050,33099,,,69.3000,0.0000,0.3500,conversation,low,False,True
TRIP050,33306,,,69.4000,0.0000,0.3500,conversation,low,False,True
TRIP050,33468,,,68.1000,0.0000,0.3500,conversation,low,False,True
TRIP050,33562,,,69.1000,0.0000,0.3500,conversation,low,False,True
TRIP050,33729,,,70.0000,0.0000,0.3500,conversation,low,False,True
TRIP050,33819,,,71.1000,0.0000,0.3500,conversation,low,False,True
TRIP050,33864,,,70.4000,0.0000,0.3500,conversation,low,False,True
TRIP050,34113,,,69.5000,0.0000,0.3500,conversation,low,False,True
TRIP050,34175,,,68.6000,0.0000,0.3500,conversation,low,False,True
TRIP050,34244,,,68.6000,0.0000,0.3500,conversation,low,False,True
TRIP050,34535,,,68.0000,0.0000,0.3500,conversation,low,False,True
TRIP050,34820,,,69.4000,0.0000,0.3500,conversation,low,False,True
TRIP050,34935,,,68.9000,0.0000,0.3500,conversation,low,False,True
TRIP050,35095,,,70.0000,0.0000,0.3500,conversation,low,False,True
TRIP050,35184,,,68.9000,0.0000,0.3500,conversation,low,False,True
TRIP050,35474,,,66.9000,0.0000,0.3500,conversation,low,False,True
TRIP050,35510,,,65.9000,0.0000,0.3500,conversation,low,False,True
TRIP050,35781,,,65.4000,0.0000,0.3500,conversation,low,False,True
TRIP050,35887,,,64.1000,0.0000,0.3500,conversation,low,False,True
TRIP050,35935,,,64.3000,0.0000,0.3500,conversation,low,False,True
TRIP050,36179,,,63.2000,0.0000,0.3500,conversation,low,False,True
TRIP050,36336,,,62.9000,0.0000,0.3500,conversation,low,False,True
TRIP050,36529,,,62.0000,0.0000,0.3500,conversation,low,False,True
TRIP050,36598,,,62.3000,0.0000,0.3500,conversation,low,False,True
TRIP050,36689,,,62.3000,0.0000,0.3500,conversation,low,False,True
TRIP050,36745,,,61.0000,0.0000,0.3500,conversation,low,False,True
TRIP050,37039,,,62.9000,0.0000,0.3500,conversation,low,False,True
TRIP050,37274,,,61.2000,0.0000,0.3500,conversation,low,False,True
TRIP050,37542,,,62.7000,0.0000,0.3500,conversation,low,False,True
TRIP050,37731,,,62.0000,0.0000,0.3500,conversation,low,False,True
TRIP050,37994,,,60.0000,0.0000,0.3500,conversation,low,False,True
TRIP050,38126,,,59.2000,0.0000,0.3500,conversation,low,False,True
TRIP050,38311,,,60.2000,0.0000,0.3500,conversation,low,False,True
TRIP050,38465,,,60.1000,0.0000,0.3500,conversation,low,False,True
TRIP050,38747,,,62.1000,0.0000,0.3500,conversation,low,False,True
TRIP050,38877,,,63.0000,0.0000,0.3500,conversation,low,False,True
TRIP050,39032,,,61.6000,0.0000,0.3500,conversation,low,False,True
TRIP050,39271,,,59.7000,0.0000,0.3500,conversation,low,False,True
TRIP050,39478,,,60.2000,0.0000,0.3500,conversation,low,False,True
TRIP050,39512,,,62.0000,0.0000,0.3500,conversation,low,False,True
TRIP050,39542,,,63.0000,0.0000,0.3500,conversation,low,False,True
TRIP050,39764,,,64.4000,0.0000,0.3500,conversation,low,False,True
TRIP050,39951,,,62.8000,0.0000,0.3500,conversation,low,False,True
TRIP050,40102,,,62.5000,0.0000,0.3500,conversation,low,False,True
TRIP050,40162,,,64.4000,0.0000,0.3500,conversation,low,False,True
TRIP050,40264,,,65.2000,0.0000,0.3500,conversation,low,False,True
TRIP050,40341,,,63.4000,0.0000,0.3500,conversation,low,False,True
TRIP050,40489,,,65.0000,0.0000,0.3500,conversation,low,False,True
TRIP050,40785,,,64.7000,0.0000,0.3500,conversation,low,False,True
TRIP050,41005,,,64.5000,0.0000,0.3500,conversation,low,False,True
